id,asx_code,order_type,buy,price,quantity,orderid,orderdate
19,GAL,0,1,94.5,1249,691D4141003F8D5C,"2022-05-25 06:51:45"
20,GAL,0,1,94,5000,691D4141003FE12F,"2022-05-25 06:51:45"
21,GAL,0,1,93.5,10000,691D41410040472C,"2022-05-25 06:51:45"
22,GAL,0,1,93.5,5000,691D414100404F15,"2022-05-25 06:51:45"
23,GAL,0,1,93,41345,691D4141003E05E2,"2022-05-25 06:51:45"
24,GAL,0,1,93,5000,691D4141003F7651,"2022-05-25 06:51:45"
25,GAL,0,1,92.5,17000,691D4141003EE3CA,"2022-05-25 06:51:45"
26,GAL,0,1,92,3000,691D4141003D206D,"2022-05-25 06:51:45"
27,GAL,0,1,92,10000,691D4141003FEB9B,"2022-05-25 06:51:45"
28,GAL,0,1,92,608,691D4141004041C9,"2022-05-25 06:51:45"
29,GAL,0,1,91.5,16999,691D4141003535FE,"2022-05-25 06:51:45"
30,GAL,0,1,91.5,5000,691D4141003C4858,"2022-05-25 06:51:45"
31,GAL,0,1,91.5,1000,691D4141003E92B5,"2022-05-25 06:51:45"
32,GAL,0,1,91,2197,691D4141003127EC,"2022-05-25 06:51:45"
33,GAL,0,1,91,324,691D414100361303,"2022-05-25 06:51:45"
34,GAL,0,1,91,3500,691D4141003A5958,"2022-05-25 06:51:45"
35,GAL,0,1,90.5,5000,691D414100311635,"2022-05-25 06:51:45"
36,GAL,0,1,90.5,10000,691D4141003C06A8,"2022-05-25 06:51:45"
37,GAL,0,1,90,4000,6917A0C10004B1EB,"2022-05-25 06:51:45"
38,GAL,0,1,90,3000,6913678100030466,"2022-05-25 06:51:45"
39,GAL,0,1,90,1000,6917A0C1001AF2E5,"2022-05-25 06:51:45"
40,GAL,0,1,90,2222,6917A0C100254962,"2022-05-25 06:51:45"
41,GAL,0,1,90,1000,691D41410003267B,"2022-05-25 06:51:45"
42,GAL,0,1,90,600,691D414100033615,"2022-05-25 06:51:45"
43,GAL,0,1,90,1000,691D4141002B3064,"2022-05-25 06:51:45"
44,GAL,0,1,90,5000,691D4141003019C4,"2022-05-25 06:51:45"
45,GAL,0,1,90,3000,691B71010004B853,"2022-05-25 06:51:45"
46,GAL,0,1,90,10000,691D4141003A9A68,"2022-05-25 06:51:45"
47,GAL,0,1,90,9854,691D4141003E78EE,"2022-05-25 06:51:45"
48,GAL,0,1,89.5,820,691D41410034ECD2,"2022-05-25 06:51:45"
49,GAL,0,1,89.5,5000,691D4141003977B8,"2022-05-25 06:51:45"
50,GAL,0,1,89,10000,6917A0C10004EECD,"2022-05-25 06:51:45"
51,GAL,0,1,88.5,10000,691D4141003C8E81,"2022-05-25 06:51:45"
52,GAL,0,1,88.5,5000,691D4141002D6041,"2022-05-25 06:51:45"
53,GAL,0,1,88,80082,69163781001AEC68,"2022-05-25 06:51:45"
54,GAL,0,1,88,5000,69163781001E4734,"2022-05-25 06:51:45"
55,GAL,0,1,88,3000,691199010015C15B,"2022-05-25 06:51:45"
56,GAL,0,1,88,8800,6917A0C1000540D5,"2022-05-25 06:51:45"
57,GAL,0,1,88,4375,691B71010003401A,"2022-05-25 06:51:45"
58,GAL,0,1,88,5000,691B7101003FF643,"2022-05-25 06:51:45"
59,GAL,0,1,87,2222,691D41410033D0F8,"2022-05-25 06:51:45"
60,GAL,0,1,86,25000,691D41410004E3FF,"2022-05-25 06:51:45"
61,GAL,0,1,86,5000,691D414100354CD2,"2022-05-25 06:51:45"
62,GAL,0,1,85,500,6917A0C100032D51,"2022-05-25 06:51:45"
63,GAL,0,1,85,1000,691B7101000346EA,"2022-05-25 06:51:45"
64,GAL,0,1,85,25000,691D41410034E0B0,"2022-05-25 06:51:45"
65,GAL,0,1,84,10000,691D41410003217E,"2022-05-25 06:51:45"
66,GAL,0,1,83.5,10195,691D414100380CF2,"2022-05-25 06:51:45"
67,GAL,0,1,83,24096,691637810032EFF4,"2022-05-25 06:51:45"
68,GAL,0,1,83,100000,6916378100349B02,"2022-05-25 06:51:45"
69,,0,1,83,609,69163781000BC113,"2022-05-25 06:51:45"
70,GAL,0,1,82.5,1208,691B710100035C44,"2022-05-25 06:51:45"
71,GAL,0,1,82.5,12121,691D414100063937,"2022-05-25 06:51:45"
72,GAL,0,1,82.5,1000,6917A0C10033A444,"2022-05-25 06:51:45"
73,GAL,0,1,82,5850,691637810013FBB2,"2022-05-25 06:51:45"
74,GAL,0,1,82,1088,691637810025727E,"2022-05-25 06:51:45"
75,GAL,0,1,81.5,5000,691637810011F0B0,"2022-05-25 06:51:45"
76,GAL,0,1,81,617,691D4141002D7D36,"2022-05-25 06:51:45"
77,GAL,0,1,80,1250,6914CF4100032E67,"2022-05-25 06:51:45"
78,GAL,0,1,80,1250,691637810003431C,"2022-05-25 06:51:45"
79,GAL,0,1,80,10000,6916378100062C46,"2022-05-25 06:51:45"
80,GAL,0,1,80,12500,691637810008AB84,"2022-05-25 06:51:45"
81,GAL,0,1,80,6250,69163781000B8638,"2022-05-25 06:51:45"
82,GAL,0,1,80,1000,691367810012A0FC,"2022-05-25 06:51:45"
83,GAL,0,1,80,1250,69163781003BA3D1,"2022-05-25 06:51:45"
84,GAL,0,1,80,137,6917A0C1000FA0FD,"2022-05-25 06:51:45"
85,GAL,0,1,80,18000,691D414100081F43,"2022-05-25 06:51:45"
86,GAL,0,1,80,50000,691D4141002E40CF,"2022-05-25 06:51:45"
87,GAL,0,1,80,800,691D4141002FB925,"2022-05-25 06:51:45"
88,GAL,0,1,79,2531,6914CF410006CECE,"2022-05-25 06:51:45"
89,GAL,0,1,79,5000,6916378100062B0A,"2022-05-25 06:51:45"
90,GAL,0,1,78.5,25000,6914CF410034536F,"2022-05-25 06:51:45"
91,GAL,0,1,77.5,12903,691D4141001821E9,"2022-05-25 06:51:45"
92,GAL,0,1,77.5,7000,691D414100373FE7,"2022-05-25 06:51:45"
93,GAL,0,1,77,30000,691637810006F68A,"2022-05-25 06:51:45"
94,GAL,0,1,76,2500,69136781002F290C,"2022-05-25 06:51:45"
95,GAL,0,1,76,7600,6914CF410018BF84,"2022-05-25 06:51:45"
96,GAL,0,1,76,8849,6914CF41000695B7,"2022-05-25 06:51:45"
97,GAL,0,1,75,5000,6916378100033E5A,"2022-05-25 06:51:45"
98,GAL,0,1,73,776,69119901003517A2,"2022-05-25 06:51:45"
99,GAL,0,1,73,1356,691D4141003DE222,"2022-05-25 06:51:45"
100,GAL,0,1,72.5,10000,69136781000318E9,"2022-05-25 06:51:45"
101,GAL,0,1,72,100000,6913678100030434,"2022-05-25 06:51:45"
102,GAL,0,1,72,5000,691637810003E448,"2022-05-25 06:51:45"
103,GAL,0,1,72,7800,691637810003E6AF,"2022-05-25 06:51:45"
104,GAL,0,1,70,10000,691367810003157E,"2022-05-25 06:51:45"
105,GAL,0,1,70,5000,69136781000FAB6C,"2022-05-25 06:51:45"
106,GAL,0,1,70,7142,6916378100043C18,"2022-05-25 06:51:45"
107,GAL,0,1,68.5,15182,69136781000E140C,"2022-05-25 06:51:45"
108,GAL,0,1,68,4700,691637810003440F,"2022-05-25 06:51:45"
109,GAL,0,1,67.5,72000,691367810020D3E8,"2022-05-25 06:51:45"
110,GAL,0,1,66,4000,6913678100103905,"2022-05-25 06:51:45"
111,GAL,0,1,66,5000,691367810019C1A0,"2022-05-25 06:51:45"
112,GAL,0,1,65,1538,69136781000E6433,"2022-05-25 06:51:45"
113,GAL,0,1,65,1500,69136781002BDE76,"2022-05-25 06:51:45"
114,GAL,0,1,63,3000,69136781000312CF,"2022-05-25 06:51:45"
115,GAL,0,1,63,9000,69136781000318E8,"2022-05-25 06:51:45"
116,GAL,0,1,62,8064,6911990100118D46,"2022-05-25 06:51:45"
117,GAL,0,1,62,2100,6911990100030308,"2022-05-25 06:51:45"
118,GAL,0,1,0,0,69119901002315E8,"2022-05-25 06:51:45"
119,GAL,0,1,60,30000,6911990100107F13,"2022-05-25 06:51:45"
120,GAL,0,1,60,2000,69119901001BD5B0,"2022-05-25 06:51:45"
121,GAL,0,1,60,16666,69119901002E195B,"2022-05-25 06:51:45"
122,GAL,0,1,60,2000,69136781002563F6,"2022-05-25 06:51:45"
123,GAL,0,1,60,10000,6914CF41001151CD,"2022-05-25 06:51:45"
124,GAL,0,1,59.5,20000,691199010023E7AB,"2022-05-25 06:51:45"
125,GAL,0,1,57,4000,6914CF4100032730,"2022-05-25 06:51:45"
126,GAL,0,1,56,2000,6911990100064CAD,"2022-05-25 06:51:45"
127,GAL,0,1,55,3000,691199010006931E,"2022-05-25 06:51:45"
128,GAL,0,1,55,1818,69136781002BD554,"2022-05-25 06:51:45"
129,GAL,0,1,55,300,69163781002CC882,"2022-05-25 06:51:45"
130,GAL,0,1,54,1850,6911990100032D03,"2022-05-25 06:51:45"
131,GAL,0,1,54,5000,69119901000330D1,"2022-05-25 06:51:45"
132,GAL,0,1,52,10000,690DC7810007E654,"2022-05-25 06:51:45"
133,GAL,0,1,51,1960,6911990100032895,"2022-05-25 06:51:45"
134,GAL,0,1,50,2000,690DC781000748A7,"2022-05-25 06:51:45"
135,GAL,0,1,50,2000,690DC781000B1680,"2022-05-25 06:51:45"
136,GAL,0,1,50,40000,690DC7810025F8AC,"2022-05-25 06:51:45"
137,GAL,0,1,50,10000,690DC7810034DA5A,"2022-05-25 06:51:45"
138,GAL,0,1,50,1020,691199010003292D,"2022-05-25 06:51:45"
139,GAL,0,1,50,150000,691D41410032E17D,"2022-05-25 06:51:45"
140,GAL,0,1,48,102121,690C5F410045299E,"2022-05-25 06:51:45"
141,GAL,0,1,48,2500,690DC7810006942E,"2022-05-25 06:51:45"
142,GAL,0,1,47.5,85000,690DC7810008FC82,"2022-05-25 06:51:45"
143,GAL,0,1,47,100000,690DC7810006B177,"2022-05-25 06:51:45"
144,GAL,0,2,95,1000,691D4141004052DC,"2022-05-25 06:51:45"
145,GAL,0,2,96.5,7500,691D41410038D237,"2022-05-25 06:51:45"
146,GAL,0,2,97,11836,691D414100331FD4,"2022-05-25 06:51:45"
147,GAL,0,2,97.5,5000,691D4141003418B6,"2022-05-25 06:51:45"
148,GAL,0,2,97.5,16100,691D4141004002FF,"2022-05-25 06:51:45"
149,GAL,0,2,98.5,10000,691D414100345386,"2022-05-25 06:51:45"
150,GAL,0,2,99.5,16000,691D414100388234,"2022-05-25 06:51:45"
151,GAL,0,2,100,8700,691D414100329B5B,"2022-05-25 06:51:45"
152,GAL,0,2,100,10300,691D41410033C2D2,"2022-05-25 06:51:45"
153,GAL,0,2,100,1000,691D41410033EE9D,"2022-05-25 06:51:45"
154,GAL,0,2,100,700,691D414100375FD4,"2022-05-25 06:51:45"
155,GAL,0,2,100,589,691D41410039CBC9,"2022-05-25 06:51:45"
156,GAL,0,2,101,16000,691D4141001DC8C8,"2022-05-25 06:51:45"
157,GAL,0,2,102,5000,691D414100317FD6,"2022-05-25 06:51:45"
158,GAL,0,2,102.5,7500,691D4141002D295F,"2022-05-25 06:51:45"
159,GAL,0,2,103,15000,691D4141002F5500,"2022-05-25 06:51:45"
160,GAL,0,2,103,10000,691D4141003D0756,"2022-05-25 06:51:45"
161,GAL,0,2,104,6000,691D4141002B8B1F,"2022-05-25 06:51:45"
162,GAL,0,2,104.5,25526,691D4141002CB815,"2022-05-25 06:51:45"
163,GAL,0,2,105,8400,691D41410031605C,"2022-05-25 06:51:45"
164,GAL,0,2,105,500,691D41410036D9C4,"2022-05-25 06:51:45"
165,GAL,0,2,105,6100,691D41410038AC67,"2022-05-25 06:51:45"
166,GAL,0,2,105,4651,691D4141003CF63B,"2022-05-25 06:51:45"
167,GAL,0,2,106,30000,691D4141003CE605,"2022-05-25 06:51:45"
168,GAL,0,2,106.5,3000,691D4141002EC486,"2022-05-25 06:51:45"
169,GAL,0,2,107.5,2190,691D4141002232BA,"2022-05-25 06:51:45"
170,GAL,0,2,107.5,7945,691D4141002EFCDF,"2022-05-25 06:51:45"
171,GAL,0,2,108,12500,691D4141001BF97D,"2022-05-25 06:51:45"
172,GAL,0,2,109.5,7500,691D414100173E0B,"2022-05-25 06:51:45"
173,GAL,0,2,109.5,4000,691D414100298A79,"2022-05-25 06:51:45"
174,GAL,0,2,109.5,19900,691D4141003293B9,"2022-05-25 06:51:45"
175,GAL,0,2,110,20000,691D4141001C3606,"2022-05-25 06:51:45"
176,GAL,0,2,110,5999,691D4141002361BB,"2022-05-25 06:51:45"
177,GAL,0,2,110,400,691D414100337039,"2022-05-25 06:51:45"
178,GAL,0,2,110,2500,691D41410035E050,"2022-05-25 06:51:45"
179,GAL,0,2,110,10400,691D414100387AD0,"2022-05-25 06:51:45"
180,GAL,0,2,110,5000,691D4141003D2751,"2022-05-25 06:51:45"
181,GAL,0,2,111,60000,691D414100274A13,"2022-05-25 06:51:45"
182,GAL,0,2,111.5,10695,691D414100366F9C,"2022-05-25 06:51:45"
183,GAL,0,2,112,1896,691D414100151E0F,"2022-05-25 06:51:45"
184,GAL,0,2,112,9200,691D414100170B37,"2022-05-25 06:51:45"
185,GAL,0,2,112,30000,691D4141001A91BC,"2022-05-25 06:51:45"
186,GAL,0,2,114,1400,691D4141001516EB,"2022-05-25 06:51:45"
187,GAL,0,2,114,3636,691D4141001C50AA,"2022-05-25 06:51:45"
188,GAL,0,2,114,3710,691D414100317157,"2022-05-25 06:51:45"
189,GAL,0,2,114.5,7500,691D414100132289,"2022-05-25 06:51:45"
190,GAL,0,2,115,6400,691D414100115D0A,"2022-05-25 06:51:45"
191,GAL,0,2,115,4000,691D41410025F7D7,"2022-05-25 06:51:45"
192,GAL,0,2,115,2109,691D41410039F953,"2022-05-25 06:51:45"
193,GAL,0,2,115.5,66000,691D4141003D2233,"2022-05-25 06:51:45"
194,GAL,0,2,116,5000,691D41410011D098,"2022-05-25 06:51:45"
195,GAL,0,2,116,18163,691D4141001E8202,"2022-05-25 06:51:45"
196,GAL,0,2,116,40816,691D4141001E976C,"2022-05-25 06:51:45"
197,GAL,0,2,116,9132,691D414100326C6F,"2022-05-25 06:51:45"
198,GAL,0,2,116.5,35000,691D4141001DDEBE,"2022-05-25 06:51:45"
199,GAL,0,2,116.5,18000,691B710100060900,"2022-05-25 06:51:45"
200,GAL,0,2,117,9000,691D41410012485F,"2022-05-25 06:51:45"
201,GAL,0,2,117,55000,691D4141001E9B17,"2022-05-25 06:51:45"
202,GAL,0,2,117.5,10000,691D414100119476,"2022-05-25 06:51:45"
203,GAL,0,2,117.5,30000,691D414100149510,"2022-05-25 06:51:45"
204,GAL,0,2,118,8792,691D414100114214,"2022-05-25 06:51:45"
205,GAL,0,2,118,8583,691D41410014AC59,"2022-05-25 06:51:45"
206,GAL,0,2,118,10000,691D41410016C5C0,"2022-05-25 06:51:45"
207,GAL,0,2,118,16000,691D4141001F577C,"2022-05-25 06:51:45"
208,GAL,0,2,118,10000,691D41410023F666,"2022-05-25 06:51:45"
209,GAL,0,2,118.5,4700,691D4141001081D9,"2022-05-25 06:51:45"
210,GAL,0,2,118.5,8000,691D414100129DB7,"2022-05-25 06:51:45"
211,GAL,0,2,119.5,2550,691D4141000E04EA,"2022-05-25 06:51:45"
212,GAL,0,2,119.5,10000,691D4141000FC5CC,"2022-05-25 06:51:45"
213,GAL,0,2,119.5,25189,691D414100107095,"2022-05-25 06:51:45"
214,GAL,0,2,120,25000,691B71010031B739,"2022-05-25 06:51:45"
215,GAL,0,2,120,20000,691B710100405C25,"2022-05-25 06:51:45"
216,GAL,0,2,120,3877,691D4141000F15B1,"2022-05-25 06:51:45"
217,GAL,0,2,120,5000,691D4141000FB183,"2022-05-25 06:51:45"
218,GAL,0,2,120,39130,691D4141001250B1,"2022-05-25 06:51:45"
219,GAL,0,2,120,4706,691D4141001B17F1,"2022-05-25 06:51:45"
220,GAL,0,2,120,6720,691D4141002E2F4F,"2022-05-25 06:51:45"
221,GAL,0,2,120,200000,691D41410040901B,"2022-05-25 06:51:45"
222,GAL,0,2,120.5,2000,691B7101003195CC,"2022-05-25 06:51:45"
223,GAL,0,2,121,16500,691B71010039A464,"2022-05-25 06:51:45"
224,GAL,0,2,121,100000,691D41410016A8A6,"2022-05-25 06:51:45"
225,GAL,0,2,121.5,2000,691B7101002E37D3,"2022-05-25 06:51:45"
226,GAL,0,2,121.5,1000,691B71010030C41A,"2022-05-25 06:51:45"
227,GAL,0,2,122,6086,691D4141000330D7,"2022-05-25 06:51:45"
228,GAL,0,2,122,969,691D414100104696,"2022-05-25 06:51:45"
229,GAL,0,2,122,4340,691D4141001226F0,"2022-05-25 06:51:45"
230,GAL,0,2,122,8695,691D414100126626,"2022-05-25 06:51:45"
231,GAL,0,2,122,45000,691D41410016A85C,"2022-05-25 06:51:45"
232,GAL,0,2,122,20000,691D414100178690,"2022-05-25 06:51:45"
233,GAL,0,2,123,1000,6917A0C10017B803,"2022-05-25 06:51:45"
234,GAL,0,2,123,22300,691B71010031A530,"2022-05-25 06:51:45"
235,GAL,0,2,123.5,50000,691B71010014AA56,"2022-05-25 06:51:45"
236,GAL,0,2,124,2500,691B71010011D236,"2022-05-25 06:51:45"
237,GAL,0,2,124,500,691B71010011E216,"2022-05-25 06:51:45"
238,GAL,0,2,124,5000,691B7101001278EE,"2022-05-25 06:51:45"
239,GAL,0,2,124,8500,691B710100133A6A,"2022-05-25 06:51:45"
240,GAL,0,2,124,3000,691B71010003F685,"2022-05-25 06:51:45"
241,GAL,0,2,124,500,691B71010032DF16,"2022-05-25 06:51:45"
242,GAL,0,2,124,1500,691B71010042C2CF,"2022-05-25 06:51:45"
243,GAL,0,2,124,9265,691D41410011F0C6,"2022-05-25 06:51:45"
244,GAL,0,2,125,545,6917A0C100065961,"2022-05-25 06:51:45"
245,GAL,0,2,125,10416,691B7101003E9A29,"2022-05-25 06:51:45"
246,GAL,0,2,125.5,20000,691B7101001E0868,"2022-05-25 06:51:45"
247,GAL,0,2,126,7000,691B7101001FD51E,"2022-05-25 06:51:45"
248,GAL,0,2,126,9090,691D4141001064AE,"2022-05-25 06:51:45"
249,GAL,0,2,126,10000,691D41410026E5D8,"2022-05-25 06:51:45"
250,GAL,0,2,126.5,10000,691B7101000F8C66,"2022-05-25 06:51:45"
251,GAL,0,2,126.5,10000,691B710100182CE4,"2022-05-25 06:51:45"
252,GAL,0,2,127,200,6917A0C1002C2DA7,"2022-05-25 06:51:45"
253,GAL,0,2,127,1887,691B710100278BA0,"2022-05-25 06:51:45"
254,GAL,0,2,127,30000,691D4141000C80DF,"2022-05-25 06:51:45"
255,GAL,0,2,127.5,4000,6917A0C1001C620C,"2022-05-25 06:51:45"
256,GAL,0,2,128,8600,6917A0C100118F1D,"2022-05-25 06:51:45"
257,GAL,0,2,128,2700,6917A0C1001C2BB2,"2022-05-25 06:51:45"
258,GAL,0,2,128,40000,691B71010003E09C,"2022-05-25 06:51:45"
259,GAL,0,2,128,6500,691B71010012070E,"2022-05-25 06:51:45"
260,GAL,0,2,129,15512,691B71010015A4EB,"2022-05-25 06:51:45"
261,GAL,0,2,129.5,390,6917A0C1003435D1,"2022-05-25 06:51:45"
262,GAL,0,2,129.5,10000,691B7101000F9183,"2022-05-25 06:51:45"
263,GAL,0,2,129.5,12267,691B7101000FA312,"2022-05-25 06:51:45"
264,GAL,0,2,129.5,67326,691B7101000F7833,"2022-05-25 06:51:45"
265,GAL,0,2,130,10000,6917A0C100144A83,"2022-05-25 06:51:45"
266,GAL,0,2,130,20000,6917A0C100169C44,"2022-05-25 06:51:45"
267,GAL,0,2,130,1000,6917A0C1001B4E97,"2022-05-25 06:51:45"
268,GAL,0,2,130,15000,691B7101000B1A31,"2022-05-25 06:51:45"
269,GAL,0,2,130,2444,691B7101003DEFBC,"2022-05-25 06:51:45"
270,GAL,0,2,131,2000,6917A0C100101D48,"2022-05-25 06:51:45"
271,GAL,0,2,131,7700,6917A0C10031D47E,"2022-05-25 06:51:45"
272,GAL,0,2,131,100000,691B71010034AD3A,"2022-05-25 06:51:45"
273,GAL,0,2,131.5,20000,6917A0C10010DB1E,"2022-05-25 06:51:45"
274,GAL,0,2,131.5,10000,6917A0C100180E16,"2022-05-25 06:51:45"
275,GAL,0,2,132,1000,6917A0C100278FF0,"2022-05-25 06:51:45"
276,GAL,0,2,133,30000,6917A0C1000CE0E0,"2022-05-25 06:51:45"
277,GAL,0,2,133,5000,6917A0C1001D0BC3,"2022-05-25 06:51:45"
278,GAL,0,2,133,796,691D4141000628C5,"2022-05-25 06:51:45"
279,GAL,0,2,133.5,2500,6917A0C100112BA0,"2022-05-25 06:51:45"
280,GAL,0,2,134,82,6917A0C10009A426,"2022-05-25 06:51:45"
281,GAL,0,2,134,4600,6917A0C1000FFA7F,"2022-05-25 06:51:45"
282,GAL,0,2,134,79,691B71010011BA79,"2022-05-25 06:51:45"
283,GAL,0,2,135,2500,691199010015FCAB,"2022-05-25 06:51:45"
284,GAL,0,2,135,5000,6917A0C1000C2EC0,"2022-05-25 06:51:45"
285,GAL,0,2,135,2000,6917A0C1000C64FB,"2022-05-25 06:51:45"
286,GAL,0,2,135,2200,6917A0C1001799FB,"2022-05-25 06:51:45"
287,GAL,0,2,135,4761,691D414100186FA2,"2022-05-25 06:51:45"
288,GAL,0,2,137.5,725,691B7101000F1ED8,"2022-05-25 06:51:45"
289,GAL,0,2,138,1800,6917A0C100180B41,"2022-05-25 06:51:45"
290,GAL,0,2,139,1600,6917A0C100031726,"2022-05-25 06:51:45"
291,GAL,0,2,139,600,691B71010016D436,"2022-05-25 06:51:45"
292,GAL,0,2,140,5000,6917A0C1000E1183,"2022-05-25 06:51:45"
293,GAL,0,2,140,22500,6917A0C1000E99BF,"2022-05-25 06:51:45"
294,GAL,0,2,140,490,691D4141001567A1,"2022-05-25 06:51:45"
295,GAL,0,2,145.5,400,6917A0C10027D5F2,"2022-05-25 06:51:45"
296,GAL,0,2,148,1000,6917A0C10018689F,"2022-05-25 06:51:45"
297,GAL,0,2,149,2375,691B710100033267,"2022-05-25 06:51:45"
298,GAL,0,2,150,5000,6911990100367176,"2022-05-25 06:51:45"
299,GAL,0,2,150,544,6917A0C10010D8DB,"2022-05-25 06:51:45"
300,GAL,0,2,150,1000,6917A0C100233BCC,"2022-05-25 06:51:45"
301,GAL,0,2,150,650,691B7101000A05D5,"2022-05-25 06:51:45"
302,GAL,0,2,152,500,691D41410015E366,"2022-05-25 06:51:45"
303,G6M,0,1,25,5392,691B710100032ADB,"2022-05-25 06:51:45"
304,G6M,0,1,25,4000,691B710100032EA5,"2022-05-25 06:51:45"
305,G6M,0,1,25,4400,691B710100033DC6,"2022-05-25 06:51:45"
306,G6M,0,1,25,10000,691B710100034D32,"2022-05-25 06:51:45"
307,G6M,0,1,25,40000,691B710100034D57,"2022-05-25 06:51:45"
308,G6M,0,1,25,10000,691B7101000D46DB,"2022-05-25 06:51:45"
309,G6M,0,1,25,4000,691D4141000EF21E,"2022-05-25 06:51:45"
310,,0,0,25,2392,691D414100104363,"2022-05-25 06:51:45"
311,G6M,0,1,25,80000,691D41410013C7FF,"2022-05-25 06:51:45"
312,G6M,0,1,25,10000,691D41410018C082,"2022-05-25 06:51:45"
313,G6M,0,1,25,100000,691D4141002264FE,"2022-05-25 06:51:45"
314,G6M,0,1,25,4000,691D41410033395F,"2022-05-25 06:51:45"
315,G6M,0,1,24.5,5000,6916378100225DA8,"2022-05-25 06:51:45"
316,G6M,0,1,24,50000,691B71010039B724,"2022-05-25 06:51:45"
317,G6M,0,1,24,2100,691D41410028BA68,"2022-05-25 06:51:45"
318,G6M,0,1,23.5,2250,691B71010032B1B5,"2022-05-25 06:51:45"
319,G6M,0,1,23.5,11500,691D414100031FB5,"2022-05-25 06:51:45"
320,G6M,0,1,23,2611,6913678100049282,"2022-05-25 06:51:45"
321,G6M,0,1,23,8695,69163781000692AE,"2022-05-25 06:51:45"
322,G6M,0,1,23,30000,69163781000C1F73,"2022-05-25 06:51:45"
323,G6M,0,1,23,30000,691637810010F9DC,"2022-05-25 06:51:45"
324,G6M,0,1,23,21739,6916378100196F0A,"2022-05-25 06:51:45"
325,G6M,0,1,23,2152,69163781001CEB9B,"2022-05-25 06:51:45"
326,G6M,0,1,23,1000,6917A0C100055BBD,"2022-05-25 06:51:45"
327,G6M,0,1,22.5,1000,691199010003443D,"2022-05-25 06:51:45"
328,G6M,0,1,22.5,22222,691199010006124F,"2022-05-25 06:51:45"
329,G6M,0,1,22.5,2222,6913678100060ACA,"2022-05-25 06:51:45"
330,G6M,0,1,22.5,8888,69163781000333AA,"2022-05-25 06:51:45"
331,G6M,0,1,22.5,2850,69163781002A1D40,"2022-05-25 06:51:45"
332,G6M,0,1,22.5,4350,691B710100032512,"2022-05-25 06:51:45"
333,G6M,0,1,22.5,170000,691B71010013A838,"2022-05-25 06:51:45"
334,G6M,0,1,22,3681,6911990100030523,"2022-05-25 06:51:45"
335,G6M,0,1,22,4545,691199010003843B,"2022-05-25 06:51:45"
336,G6M,0,1,22,10000,69119901001B9050,"2022-05-25 06:51:45"
337,G6M,0,1,22,4545,691199010021F10E,"2022-05-25 06:51:45"
338,G6M,0,1,22,45454,69119901002409E0,"2022-05-25 06:51:45"
339,G6M,0,1,22,50000,6911990100370924,"2022-05-25 06:51:45"
340,G6M,0,1,22,21931,69119901003C8AC1,"2022-05-25 06:51:45"
341,G6M,0,1,22,10000,691367810013EA59,"2022-05-25 06:51:45"
342,G6M,0,1,22,100000,6913678100368980,"2022-05-25 06:51:45"
343,G6M,0,1,22,50000,6916378100032B7E,"2022-05-25 06:51:45"
344,G6M,0,1,22,20000,6916378100043A43,"2022-05-25 06:51:45"
345,G6M,0,1,22,5000,69163781000C4446,"2022-05-25 06:51:45"
346,G6M,0,1,22,22727,6917A0C100033148,"2022-05-25 06:51:45"
347,G6M,0,1,22,227277,6917A0C100241936,"2022-05-25 06:51:45"
348,G6M,0,1,22,10386,6917A0C10029839D,"2022-05-25 06:51:45"
349,G6M,0,1,22,9090,691B710100032DBE,"2022-05-25 06:51:45"
350,G6M,0,1,22,20000,691B710100034A2E,"2022-05-25 06:51:45"
351,G6M,0,1,22,200000,691B7101002211A1,"2022-05-25 06:51:45"
352,G6M,0,1,22,3000,691B71010034E812,"2022-05-25 06:51:45"
353,G6M,0,1,22,50000,691D414100208A64,"2022-05-25 06:51:45"
354,G6M,0,1,21.5,10000,691367810003172B,"2022-05-25 06:51:45"
355,G6M,0,1,21.5,7534,6913678100109689,"2022-05-25 06:51:45"
356,G6M,0,1,21.5,88000,691D4141002BA14D,"2022-05-25 06:51:45"
357,G6M,0,1,21,26004,690DC781002D16B6,"2022-05-25 06:51:45"
358,G6M,0,1,21,5000,690DC781002D24B1,"2022-05-25 06:51:45"
359,G6M,0,1,21,10000,69119901000301F5,"2022-05-25 06:51:45"
360,G6M,0,1,21,9430,6911990100030275,"2022-05-25 06:51:45"
361,G6M,0,1,21,10000,6911990100030509,"2022-05-25 06:51:45"
362,G6M,0,1,21,4690,6911990100031CB1,"2022-05-25 06:51:45"
363,G6M,0,1,21,10000,69163781000A4B08,"2022-05-25 06:51:45"
364,G6M,0,1,21,1450,6917A0C10005D10D,"2022-05-25 06:51:45"
365,G6M,0,1,21,2381,691B71010004B734,"2022-05-25 06:51:45"
366,G6M,0,1,20.5,100,690DC78100293650,"2022-05-25 06:51:45"
367,G6M,0,1,20.5,50000,691199010013E9D3,"2022-05-25 06:51:45"
368,G6M,0,1,20,1950,690DC7810003034D,"2022-05-25 06:51:45"
369,G6M,0,1,20,2500,690DC781000308F6,"2022-05-25 06:51:45"
370,G6M,0,1,20,5004,690DC7810009B3A5,"2022-05-25 06:51:45"
371,G6M,0,1,20,3000,690DC78100287054,"2022-05-25 06:51:45"
372,G6M,0,1,20,40000,690DC781003D4C0C,"2022-05-25 06:51:45"
373,G6M,0,1,20,525,6911990100031C48,"2022-05-25 06:51:45"
374,G6M,0,1,20,10000,6911990100032322,"2022-05-25 06:51:45"
375,G6M,0,1,20,10000,6911990100032344,"2022-05-25 06:51:45"
376,G6M,0,1,20,2500,6911990100033361,"2022-05-25 06:51:45"
377,G6M,0,1,20,2500,6911990100033CB7,"2022-05-25 06:51:45"
378,G6M,0,1,20,5000,6913678100030730,"2022-05-25 06:51:45"
379,G6M,0,1,20,20000,6913678100030A58,"2022-05-25 06:51:45"
380,G6M,0,1,20,4950,6913678100030B68,"2022-05-25 06:51:45"
381,G6M,0,1,20,3500,69136781002F09D7,"2022-05-25 06:51:45"
382,G6M,0,1,20,5000,6914CF41000317C9,"2022-05-25 06:51:45"
383,G6M,0,1,20,17500,6914CF41001BA7E7,"2022-05-25 06:51:45"
384,G6M,0,1,20,4000,6917A0C1000327D2,"2022-05-25 06:51:45"
385,G6M,0,1,20,10000,6917A0C10003338B,"2022-05-25 06:51:45"
386,G6M,0,1,20,10000,6917A0C1002499E9,"2022-05-25 06:51:45"
387,G6M,0,1,20,10000,691B710100034038,"2022-05-25 06:51:45"
388,G6M,0,1,20,10000,691B710100034964,"2022-05-25 06:51:45"
389,G6M,0,1,20,2700,691B710100236766,"2022-05-25 06:51:45"
390,G6M,0,1,20,2833,691B710100326D0D,"2022-05-25 06:51:45"
391,G6M,0,1,20,50000,691D41410010AF47,"2022-05-25 06:51:45"
392,G6M,0,1,19.5,39964,69098FC100400F0C,"2022-05-25 06:51:45"
393,G6M,0,1,19.5,1,69098FC100446A4E,"2022-05-25 06:51:45"
394,G6M,0,1,19.5,5000,69098FC10052195F,"2022-05-25 06:51:45"
395,G6M,0,1,19.5,29153,690AF78100031CE5,"2022-05-25 06:51:45"
396,G6M,0,1,19.5,51282,690DC781000D74B0,"2022-05-25 06:51:45"
397,G6M,0,1,19.5,44089,690DC781002F3F54,"2022-05-25 06:51:45"
398,G6M,0,1,19,5200,69098FC1002F3B54,"2022-05-25 06:51:45"
399,G6M,0,1,19,10000,69098FC10036A3EB,"2022-05-25 06:51:45"
400,G6M,0,1,19,26315,690AF7810003DCDD,"2022-05-25 06:51:45"
401,G6M,0,1,19,5000,690AF7810005FE1D,"2022-05-25 06:51:45"
402,G6M,0,1,19,8000,690AF781003205DA,"2022-05-25 06:51:45"
403,G6M,0,1,19,20000,690C5F41000AFE78,"2022-05-25 06:51:45"
404,G6M,0,1,19,10000,690DC781000E6885,"2022-05-25 06:51:45"
405,G6M,0,1,19,5263,6911990100032DA4,"2022-05-25 06:51:45"
406,G6M,0,1,19,5000,6911990100035178,"2022-05-25 06:51:45"
407,G6M,0,1,19,10500,6914CF41002238E8,"2022-05-25 06:51:45"
408,G6M,0,1,19,2736,691637810012FA41,"2022-05-25 06:51:45"
409,G6M,0,1,19,68421,6917A0C10004A00E,"2022-05-25 06:51:45"
410,G6M,0,1,19,2632,691D4141000A6DCF,"2022-05-25 06:51:45"
411,G6M,0,1,18.5,5410,69098FC1004D6754,"2022-05-25 06:51:45"
412,G6M,0,1,18.5,3857,69098FC1003232D4,"2022-05-25 06:51:45"
413,G6M,0,1,18.5,6000,690AF781000D27DF,"2022-05-25 06:51:45"
414,G6M,0,1,18.5,10703,690AF781002C1617,"2022-05-25 06:51:45"
415,G6M,0,1,18.5,22000,690C5F410003ACF7,"2022-05-25 06:51:45"
416,G6M,0,1,18.5,7500,690C5F410023E44C,"2022-05-25 06:51:45"
417,G6M,0,1,18.5,10000,690DC781000310EC,"2022-05-25 06:51:45"
418,G6M,0,1,18.5,4000,69163781000322FD,"2022-05-25 06:51:45"
419,G6M,0,1,18.5,50000,6916378100131651,"2022-05-25 06:51:45"
420,G6M,0,1,18,40000,69098FC1001DC127,"2022-05-25 06:51:45"
421,G6M,0,1,18,30000,69098FC10026C0F7,"2022-05-25 06:51:45"
422,G6M,0,1,18,11111,69098FC1004B38CC,"2022-05-25 06:51:45"
423,G6M,0,1,18,50000,690AF7810002FEA7,"2022-05-25 06:51:45"
424,G6M,0,1,18,35000,690AF781000305A1,"2022-05-25 06:51:45"
425,G6M,0,1,18,216428,690AF78100030D2C,"2022-05-25 06:51:45"
426,G6M,0,1,18,5472,690AF78100030E09,"2022-05-25 06:51:45"
427,G6M,0,1,18,3000,690AF781000319C3,"2022-05-25 06:51:45"
428,G6M,0,1,18,55000,690AF78100031E69,"2022-05-25 06:51:45"
429,G6M,0,1,18,55000,690AF78100186755,"2022-05-25 06:51:45"
430,G6M,0,1,18,22222,690AF7810022F4B9,"2022-05-25 06:51:45"
431,G6M,0,1,18,20000,690AF781003ADDD5,"2022-05-25 06:51:45"
432,G6M,0,1,18,10000,690C5F41000321A9,"2022-05-25 06:51:45"
433,G6M,0,1,18,10000,690DC7810003091C,"2022-05-25 06:51:45"
434,G6M,0,1,18,28150,690DC78100030B7D,"2022-05-25 06:51:45"
435,G6M,0,1,18,55200,690DC78100212CA5,"2022-05-25 06:51:45"
436,G6M,0,1,18,3055,69119901000317BC,"2022-05-25 06:51:45"
437,G6M,0,1,18,5000,6911990100031FB6,"2022-05-25 06:51:45"
438,G6M,0,1,18,2778,6911990100032336,"2022-05-25 06:51:45"
439,G6M,0,1,18,5555,6911990100032A45,"2022-05-25 06:51:45"
440,G6M,0,1,18,55555,691199010018E2E0,"2022-05-25 06:51:45"
441,G6M,0,1,18,5000,69136781000389EB,"2022-05-25 06:51:45"
442,G6M,0,1,18,50000,69136781000488E0,"2022-05-25 06:51:45"
443,G6M,0,1,18,27783,691B710100035041,"2022-05-25 06:51:45"
444,G6M,0,1,18,20000,691D4141000FCE95,"2022-05-25 06:51:45"
445,G6M,0,1,17.5,3000,69098FC100030F1B,"2022-05-25 06:51:45"
446,G6M,0,1,17.5,57142,69098FC1000312FF,"2022-05-25 06:51:45"
447,G6M,0,1,17.5,10000,69098FC1000324F9,"2022-05-25 06:51:45"
448,G6M,0,1,17.5,6000,69098FC100033110,"2022-05-25 06:51:45"
449,G6M,0,1,17.5,10000,69098FC1000340C8,"2022-05-25 06:51:45"
450,G6M,0,1,17.5,5000,69098FC100034D46,"2022-05-25 06:51:45"
451,G6M,0,1,17.5,50000,69098FC10003D9A5,"2022-05-25 06:51:45"
452,G6M,0,1,17.5,17142,69098FC10004A347,"2022-05-25 06:51:45"
453,G6M,0,1,17.5,3142,69098FC100059026,"2022-05-25 06:51:45"
454,G6M,0,1,17.5,40000,69119901000307EA,"2022-05-25 06:51:45"
455,G6M,0,1,17.5,20000,691B7101003C7159,"2022-05-25 06:51:45"
456,G6M,0,1,17.5,285720,691D4141000321A8,"2022-05-25 06:51:45"
457,G6M,0,1,17,50000,68D9BF010012C189,"2022-05-25 06:51:45"
458,G6M,0,1,17,58823,69098FC100030F14,"2022-05-25 06:51:45"
459,G6M,0,1,17,10000,69098FC1000315A7,"2022-05-25 06:51:45"
460,G6M,0,1,17,29323,69098FC100032289,"2022-05-25 06:51:45"
461,G6M,0,1,17,5820,69098FC100032580,"2022-05-25 06:51:45"
462,G6M,0,1,17,2952,69098FC1000331F3,"2022-05-25 06:51:45"
463,G6M,0,1,17,29411,69098FC100033305,"2022-05-25 06:51:45"
464,G6M,0,1,17,10000,69098FC100034202,"2022-05-25 06:51:45"
465,G6M,0,1,17,15000,69098FC10003425D,"2022-05-25 06:51:45"
466,G6M,0,1,17,10000,69098FC1000342CA,"2022-05-25 06:51:45"
467,G6M,0,1,17,9000,69098FC10003DAE0,"2022-05-25 06:51:45"
468,G6M,0,1,17,8421,69098FC10027B7F6,"2022-05-25 06:51:45"
469,G6M,0,1,17,3000,690AF781000557F6,"2022-05-25 06:51:45"
470,G6M,0,1,17,55000,690C5F41003AB4B5,"2022-05-25 06:51:45"
471,G6M,0,1,17,20000,69136781001A6023,"2022-05-25 06:51:45"
472,G6M,0,1,17,50000,691637810006E6FD,"2022-05-25 06:51:45"
473,G6M,0,1,17,50000,69163781000EFAD1,"2022-05-25 06:51:45"
474,G6M,0,1,17,285,691B71010003D166,"2022-05-25 06:51:45"
475,G6M,0,1,16.5,120000,68D6890100136FD1,"2022-05-25 06:51:45"
476,G6M,0,1,16.5,30212,68D6890100204E88,"2022-05-25 06:51:45"
477,G6M,0,1,16.5,6000,69098FC100034241,"2022-05-25 06:51:45"
478,G6M,0,1,16.5,15151,69098FC1000668F4,"2022-05-25 06:51:45"
479,G6M,0,1,16.5,5000,69098FC100068D6E,"2022-05-25 06:51:45"
480,G6M,0,1,16,100000,6903EF41001891CC,"2022-05-25 06:51:45"
481,G6M,0,1,16,1200,6903EF41002901CB,"2022-05-25 06:51:45"
482,G6M,0,1,16,30000,69098FC100030DC4,"2022-05-25 06:51:45"
483,G6M,0,1,16,10000,69098FC10005AB22,"2022-05-25 06:51:45"
484,G6M,0,1,16,100000,69098FC10019FF23,"2022-05-25 06:51:45"
485,G6M,0,1,16,4000,690C5F4100031064,"2022-05-25 06:51:45"
486,G6M,0,1,16,10000,690C5F410046A75E,"2022-05-25 06:51:45"
487,G6M,0,1,16,6200,690DC78100031456,"2022-05-25 06:51:45"
488,G6M,0,1,16,6000,6914CF410038B366,"2022-05-25 06:51:45"
489,G6M,0,1,15.5,3258,68D857010003A5B7,"2022-05-25 06:51:45"
490,G6M,0,1,15.5,20000,69098FC10045BFFB,"2022-05-25 06:51:45"
491,G6M,0,1,15.5,50000,69119901002A546A,"2022-05-25 06:51:45"
492,G6M,0,1,15.5,3400,6916378100032075,"2022-05-25 06:51:45"
493,G6M,0,1,15,16000,68EEE84100037B69,"2022-05-25 06:51:45"
494,G6M,0,1,15,133333,6907C1010014348E,"2022-05-25 06:51:45"
495,G6M,0,1,15,3500,69098FC100030C7A,"2022-05-25 06:51:45"
496,G6M,0,1,15,16000,69098FC1000314D2,"2022-05-25 06:51:45"
497,G6M,0,1,15,50000,69098FC100031B01,"2022-05-25 06:51:45"
498,G6M,0,1,15,20000,69098FC100031B59,"2022-05-25 06:51:45"
499,G6M,0,1,15,20000,69098FC100033ECD,"2022-05-25 06:51:45"
500,G6M,0,1,15,3340,69098FC10003412A,"2022-05-25 06:51:45"
501,G6M,0,1,15,10000,69098FC10003426D,"2022-05-25 06:51:45"
502,G6M,0,1,15,3500,69098FC10019EA7C,"2022-05-25 06:51:45"
503,G6M,0,1,15,3400,69098FC1001E7C19,"2022-05-25 06:51:45"
504,G6M,0,1,15,50000,69098FC100247F17,"2022-05-25 06:51:45"
505,G6M,0,1,15,6100,69098FC100442994,"2022-05-25 06:51:45"
506,G6M,0,1,15,50000,69098FC1004A90A5,"2022-05-25 06:51:45"
507,G6M,0,1,15,33200,690AF7810002FFB9,"2022-05-25 06:51:45"
508,G6M,0,1,15,20000,690AF78100031833,"2022-05-25 06:51:45"
509,G6M,0,1,15,6660,690C5F41000303AF,"2022-05-25 06:51:45"
510,G6M,0,1,15,5000,690DC7810005FAA2,"2022-05-25 06:51:45"
511,G6M,0,1,15,5000,6911990100031DBB,"2022-05-25 06:51:45"
512,G6M,0,1,15,3500,69119901000328DF,"2022-05-25 06:51:45"
513,G6M,0,1,15,3500,69119901000D8CBD,"2022-05-25 06:51:45"
514,G6M,0,1,15,4500,6916378100060DF5,"2022-05-25 06:51:45"
515,G6M,0,1,15,33333,6916378100246680,"2022-05-25 06:51:45"
516,G6M,0,1,15,13333,691B71010003501C,"2022-05-25 06:51:45"
517,G6M,0,1,14.5,10551,69098FC10003E341,"2022-05-25 06:51:45"
518,G6M,0,1,14.5,5000,69098FC10025FCC1,"2022-05-25 06:51:45"
519,G6M,0,1,14.5,50000,690AF781003510B6,"2022-05-25 06:51:45"
520,G6M,0,1,14,71286,68A16F8100057469,"2022-05-25 06:51:45"
521,G6M,0,1,13.5,37037,68703BC100036FD1,"2022-05-25 06:51:45"
522,G6M,0,1,13.5,5000,69098FC10003E151,"2022-05-25 06:51:45"
523,G6M,0,1,13.5,40000,690AF7810033960F,"2022-05-25 06:51:45"
524,G6M,0,1,13,7577,6859DD410006294C,"2022-05-25 06:51:45"
525,G6M,0,1,13,60000,691D4141000918DA,"2022-05-25 06:51:45"
526,G6M,0,1,12.5,7000,67DB29410008C545,"2022-05-25 06:51:45"
527,G6M,0,1,12.5,20000,682888C10025D124,"2022-05-25 06:51:45"
528,G6M,0,1,12.5,3000,6842D2010021BF82,"2022-05-25 06:51:45"
529,G6M,0,1,12.5,100000,687A0F810025B02D,"2022-05-25 06:51:45"
530,G6M,0,1,12,125000,66F431010003FA3D,"2022-05-25 06:51:45"
531,G6M,0,1,12,100000,687A0F8100257F9B,"2022-05-25 06:51:45"
532,G6M,0,1,11,9090,6791B1010027CCE7,"2022-05-25 06:51:45"
533,G6M,0,1,11,20000,67D85A01001C1FF9,"2022-05-25 06:51:45"
534,G6M,0,1,11,100000,687A0F81002559DE,"2022-05-25 06:51:45"
535,G6M,0,1,10,10000,66A18F0100334596,"2022-05-25 06:51:45"
536,G6M,0,1,10,20000,690DC781000317BE,"2022-05-25 06:51:45"
537,G6M,0,1,10,5000,69163781000CA313,"2022-05-25 06:51:45"
538,G6M,0,1,10,150000,6917A0C10029C87E,"2022-05-25 06:51:45"
539,G6M,0,1,9,10888,68FA1741000476B9,"2022-05-25 06:51:45"
540,G6M,0,1,8,50000,69098FC10005CE1C,"2022-05-25 06:51:45"
541,G6M,0,1,6.1,8500,690DC781001E2B06,"2022-05-25 06:51:45"
542,G6M,0,2,26,90000,691D4141002084BE,"2022-05-25 06:51:45"
543,G6M,0,2,26,98043,691D414100242A5F,"2022-05-25 06:51:45"
544,G6M,0,2,26,125000,691D41410016126B,"2022-05-25 06:51:45"
545,G6M,0,2,26,21392,691D4141002C5527,"2022-05-25 06:51:45"
546,G6M,0,2,26,78353,691D41410032229F,"2022-05-25 06:51:45"
547,G6M,0,2,26.5,4680,691B7101002382E3,"2022-05-25 06:51:45"
548,G6M,0,2,26.5,21739,691B710100339226,"2022-05-25 06:51:45"
549,G6M,0,2,26.5,31449,691D414100106722,"2022-05-25 06:51:45"
550,G6M,0,2,26.5,100000,691D41410015404C,"2022-05-25 06:51:45"
551,G6M,0,2,26.5,30365,691D4141001A2367,"2022-05-25 06:51:45"
552,G6M,0,2,26.5,3500,691D414100230436,"2022-05-25 06:51:45"
553,G6M,0,2,27,32582,6917A0C10006D910,"2022-05-25 06:51:45"
554,G6M,0,2,27,2400,6917A0C10038FCB3,"2022-05-25 06:51:45"
555,G6M,0,2,27,50000,691B7101001331FA,"2022-05-25 06:51:45"
556,G6M,0,2,27,32700,691D4141001111DA,"2022-05-25 06:51:45"
557,G6M,0,2,27,38461,691D41410017B169,"2022-05-25 06:51:45"
558,G6M,0,2,27.5,60000,6914CF410035423A,"2022-05-25 06:51:45"
559,G6M,0,2,27.5,100000,691637810025CC4B,"2022-05-25 06:51:45"
560,G6M,0,2,27.5,745000,691D414100031990,"2022-05-25 06:51:45"
561,G6M,0,2,28,80000,6914CF41001D4FAD,"2022-05-25 06:51:45"
562,G6M,0,2,28,22222,6914CF4100238C15,"2022-05-25 06:51:45"
563,G6M,0,2,28,111115,6917A0C1002309DB,"2022-05-25 06:51:45"
564,G6M,0,2,28,20000,691D414100268592,"2022-05-25 06:51:45"
565,G6M,0,2,28.5,50000,6911990100201EE6,"2022-05-25 06:51:45"
566,G6M,0,2,28.5,44035,6914CF4100094FDF,"2022-05-25 06:51:45"
567,G6M,0,2,28.5,5000,6914CF41000A811C,"2022-05-25 06:51:45"
568,G6M,0,2,28.5,4523,6914CF410024BDA3,"2022-05-25 06:51:45"
569,G6M,0,2,28.5,40000,691D4141003EF652,"2022-05-25 06:51:45"
570,G6M,0,2,29,60000,6914CF4100033CF1,"2022-05-25 06:51:45"
571,G6M,0,2,29,4500,6914CF41000C380A,"2022-05-25 06:51:45"
572,G6M,0,2,29,92286,6914CF4100278343,"2022-05-25 06:51:45"
573,G6M,0,2,29,70000,691B710100031E71,"2022-05-25 06:51:45"
574,G6M,0,2,29.5,40000,69098FC100078FB6,"2022-05-25 06:51:45"
575,G6M,0,2,29.5,33500,6914CF4100187DE2,"2022-05-25 06:51:45"
576,G6M,0,2,29.5,20000,6914CF410020C80F,"2022-05-25 06:51:45"
577,G6M,0,2,29.5,18500,6917A0C10008F639,"2022-05-25 06:51:45"
578,G6M,0,2,30,440,69098FC10007A82C,"2022-05-25 06:51:45"
579,G6M,0,2,30,13500,69098FC1003D0106,"2022-05-25 06:51:45"
580,G6M,0,2,30,10000,690AF78100118942,"2022-05-25 06:51:45"
581,G6M,0,2,30,30000,691199010010EF44,"2022-05-25 06:51:45"
582,G6M,0,2,30,50000,6913678100031E2B,"2022-05-25 06:51:45"
583,G6M,0,2,30,63000,69136781003056CF,"2022-05-25 06:51:45"
584,G6M,0,2,30,24500,6914CF410003278F,"2022-05-25 06:51:45"
585,G6M,0,2,30,14814,6914CF41000D53C4,"2022-05-25 06:51:45"
586,G6M,0,2,30,4500,6914CF4100153C34,"2022-05-25 06:51:45"
587,G6M,0,2,30,40000,6914CF41002E7214,"2022-05-25 06:51:45"
588,G6M,0,2,30,3011,6914CF41003E6B9A,"2022-05-25 06:51:45"
589,G6M,0,2,30,30000,6917A0C10009D59E,"2022-05-25 06:51:45"
590,G6M,0,2,30,16666,691D4141000328AA,"2022-05-25 06:51:45"
591,G6M,0,2,30,98043,691D4141002286A5,"2022-05-25 06:51:45"
592,G6M,0,2,30,10000,691D414100275BEB,"2022-05-25 06:51:45"
593,G6M,0,2,30.5,30000,69098FC100079134,"2022-05-25 06:51:45"
594,G6M,0,2,31,60000,6914CF4100034802,"2022-05-25 06:51:45"
595,G6M,0,2,31.5,5000,691D4141000DD547,"2022-05-25 06:51:45"
596,G6M,0,2,32,361,69136781003996DE,"2022-05-25 06:51:45"
597,G6M,0,2,32,1809,6913678100317F01,"2022-05-25 06:51:45"
598,G6M,0,2,32,36291,6914CF4100125402,"2022-05-25 06:51:45"
599,G6M,0,2,32,3396,691B710100187B2B,"2022-05-25 06:51:45"
600,G6M,0,2,34,906,6914CF4100032A1F,"2022-05-25 06:51:45"
601,G6M,0,2,34.5,10000,69163781000CEC1F,"2022-05-25 06:51:45"
602,G6M,0,2,35,4600,690DC78100074576,"2022-05-25 06:51:45"
603,G6M,0,2,35,1429,6911990100031383,"2022-05-25 06:51:45"
604,G6M,0,2,35,100000,6914CF410003CA47,"2022-05-25 06:51:45"
605,G6M,0,2,35,10000,6914CF4100221348,"2022-05-25 06:51:45"
606,G6M,0,2,35,100000,691D414100319EE8,"2022-05-25 06:51:45"
607,G6M,0,2,37,18109,6914CF41000FAC48,"2022-05-25 06:51:45"
608,G6M,0,2,38,19887,6917A0C10003283A,"2022-05-25 06:51:45"
609,FFX,0,1,93.5,11000,691D4141003F75C1,"2022-05-25 06:51:45"
610,FFX,0,1,93,40341,691D41410040331C,"2022-05-25 06:51:45"
611,FFX,0,1,92.5,27018,691D4141003FDB8A,"2022-05-25 06:51:45"
612,FFX,0,1,92,3000,6917A0C1002CE115,"2022-05-25 06:51:45"
613,FFX,0,1,92,2800,69163781001F94F1,"2022-05-25 06:51:45"
614,FFX,0,1,92,8000,691D4141003C0B7B,"2022-05-25 06:51:45"
615,FFX,0,1,91,5000,6917A0C1001E5AE7,"2022-05-25 06:51:45"
616,FFX,0,1,91,2000,691B71010006F3F3,"2022-05-25 06:51:45"
617,FFX,0,1,91,30000,691B7101000B1653,"2022-05-25 06:51:45"
618,FFX,0,1,91,10000,691D41410011E1E4,"2022-05-25 06:51:45"
619,FFX,0,1,90.5,20000,6917A0C1001BDF70,"2022-05-25 06:51:45"
620,FFX,0,1,90.5,30000,691D4141003DB4B6,"2022-05-25 06:51:45"
621,FFX,0,1,90,20000,6917A0C10020AB08,"2022-05-25 06:51:45"
622,FFX,0,1,90,1450,691B71010041218B,"2022-05-25 06:51:45"
623,FFX,0,1,90,2000,691D414100318A4C,"2022-05-25 06:51:45"
624,FFX,0,1,90,10888,691D414100337AFB,"2022-05-25 06:51:45"
625,FFX,0,1,90,1000,691D414100338916,"2022-05-25 06:51:45"
626,FFX,0,1,89.5,35000,6917A0C1000559A8,"2022-05-25 06:51:45"
627,FFX,0,1,89,24486,691637810020F3C2,"2022-05-25 06:51:45"
628,FFX,0,1,89,5000,69163781002EC65B,"2022-05-25 06:51:45"
629,FFX,0,1,89,5000,69163781002F7E35,"2022-05-25 06:51:45"
630,FFX,0,1,89,2500,690DC78100311EFF,"2022-05-25 06:51:45"
631,FFX,0,1,89,3,6917A0C10003476F,"2022-05-25 06:51:45"
632,FFX,0,1,89,500,6917A0C1003E2333,"2022-05-25 06:51:45"
633,FFX,0,1,89,11235,691D41410032D544,"2022-05-25 06:51:45"
634,FFX,0,1,89,14000,691D41410034C4E1,"2022-05-25 06:51:45"
635,FFX,0,1,88.5,4380,691637810036E584,"2022-05-25 06:51:45"
636,FFX,0,1,88.5,3500,6917A0C1003FB078,"2022-05-25 06:51:45"
637,FFX,0,1,88.5,10550,691B71010006FAC8,"2022-05-25 06:51:45"
638,FFX,0,1,88.5,10000,691D41410022DA91,"2022-05-25 06:51:45"
639,FFX,0,1,88,3000,691637810020CE99,"2022-05-25 06:51:45"
640,FFX,0,1,88,10000,6917A0C100032ED4,"2022-05-25 06:51:45"
641,FFX,0,1,88,8688,6917A0C1000E7C37,"2022-05-25 06:51:45"
642,FFX,0,1,88,14000,6917A0C1002CFBAC,"2022-05-25 06:51:45"
643,FFX,0,1,88,500,6917A0C1002EC144,"2022-05-25 06:51:45"
644,FFX,0,1,88,11340,691B710100033077,"2022-05-25 06:51:45"
645,FFX,0,1,88,17500,691D41410019BA2A,"2022-05-25 06:51:45"
646,FFX,0,1,88,5682,691D414100324501,"2022-05-25 06:51:45"
647,FFX,0,1,87.5,60000,6916378100195A9E,"2022-05-25 06:51:45"
648,FFX,0,1,87,23000,6914CF410015E56C,"2022-05-25 06:51:45"
649,FFX,0,1,87,1149,69163781001E6288,"2022-05-25 06:51:45"
650,FFX,0,1,86.5,1569,6914CF410006EA61,"2022-05-25 06:51:45"
651,FFX,0,1,86.5,10000,691637810003FB62,"2022-05-25 06:51:45"
652,FFX,0,1,86,1400,69119901000337E1,"2022-05-25 06:51:45"
653,FFX,0,1,86,11000,69119901001421CF,"2022-05-25 06:51:45"
654,FFX,0,1,86,6000,691199010017D2EC,"2022-05-25 06:51:45"
655,FFX,0,1,86,1149,6913678100032098,"2022-05-25 06:51:45"
656,FFX,0,1,86,14000,69136781001B3D2A,"2022-05-25 06:51:45"
657,FFX,0,1,86,1000,6914CF4100090CF4,"2022-05-25 06:51:45"
658,FFX,0,1,86,6000,6917A0C10023D37B,"2022-05-25 06:51:45"
659,FFX,0,1,86,2999,691D414100031E37,"2022-05-25 06:51:45"
660,FFX,0,1,86,29057,691D414100403904,"2022-05-25 06:51:45"
661,FFX,0,1,85.5,30000,691199010008E803,"2022-05-25 06:51:45"
662,FFX,0,1,85.5,931,6911990100270D0F,"2022-05-25 06:51:45"
663,FFX,0,1,85,623,6911990100030360,"2022-05-25 06:51:45"
664,FFX,0,1,85,2941,6911990100031204,"2022-05-25 06:51:45"
665,FFX,0,1,85,5,6911990100031C21,"2022-05-25 06:51:45"
666,FFX,0,1,85,30000,691199010023676C,"2022-05-25 06:51:45"
667,FFX,0,1,85,10000,691199010033CF62,"2022-05-25 06:51:45"
668,FFX,0,1,85,10000,6913678100030837,"2022-05-25 06:51:45"
669,FFX,0,1,85,680,691367810003091C,"2022-05-25 06:51:45"
670,FFX,0,1,85,11764,69136781000E0985,"2022-05-25 06:51:45"
671,FFX,0,1,85,7058,69136781002C0424,"2022-05-25 06:51:45"
672,FFX,0,1,85,100000,69136781002F28A7,"2022-05-25 06:51:45"
673,FFX,0,1,85,589,6914CF410027E1EE,"2022-05-25 06:51:45"
674,FFX,0,1,85,20000,691637810004E3F7,"2022-05-25 06:51:45"
675,FFX,0,1,85,500,69163781000626D2,"2022-05-25 06:51:45"
676,FFX,0,1,85,1450,6916378100069F5B,"2022-05-25 06:51:45"
677,FFX,0,1,85,2000,69163781000823A9,"2022-05-25 06:51:45"
678,FFX,0,1,85,10000,69163781000AF837,"2022-05-25 06:51:45"
679,FFX,0,1,85,1000,69163781002E94B9,"2022-05-25 06:51:45"
680,FFX,0,1,85,1176,6917A0C1000C83E4,"2022-05-25 06:51:45"
681,FFX,0,1,85,50000,6917A0C1002A9C2B,"2022-05-25 06:51:45"
682,FFX,0,1,85,5000,6917A0C100354EE0,"2022-05-25 06:51:45"
683,FFX,0,1,85,600,691B710100035F7F,"2022-05-25 06:51:45"
684,FFX,0,1,85,45000,691B71010031DD67,"2022-05-25 06:51:45"
685,FFX,0,1,85,1500,691B71010037AF23,"2022-05-25 06:51:45"
686,FFX,0,1,84.5,30000,690DC7810036A2C4,"2022-05-25 06:51:45"
687,FFX,0,1,84.5,10000,691D4141000F271B,"2022-05-25 06:51:45"
688,FFX,0,1,84,1000,690DC7810020A2DA,"2022-05-25 06:51:45"
689,FFX,0,1,84,1500,691199010003335D,"2022-05-25 06:51:45"
690,FFX,0,1,84,5952,6913678100088127,"2022-05-25 06:51:45"
691,FFX,0,1,83,14000,690DC78100328A5E,"2022-05-25 06:51:45"
692,FFX,0,1,83,6024,690DC7810039B017,"2022-05-25 06:51:45"
693,FFX,0,1,83,3614,6911990100379046,"2022-05-25 06:51:45"
694,FFX,0,1,83,14000,691637810009EEB3,"2022-05-25 06:51:45"
695,FFX,0,1,82.5,55125,690DC781000BFCC4,"2022-05-25 06:51:45"
696,FFX,0,1,82.5,5000,690DC781003E349A,"2022-05-25 06:51:45"
697,,0,0,82.5,58000,691637810004FC3C,"2022-05-25 06:51:45"
698,FFX,0,1,82.5,7800,69163781000588D8,"2022-05-25 06:51:45"
699,FFX,0,1,82.5,10000,6914CF4100052B2F,"2022-05-25 06:51:45"
700,FFX,0,1,82,6097,690DC7810019CE38,"2022-05-25 06:51:45"
701,FFX,0,1,82,6098,691199010018E705,"2022-05-25 06:51:45"
702,FFX,0,1,82,12170,69119901003FB059,"2022-05-25 06:51:45"
703,FFX,0,1,82,30489,6913678100374353,"2022-05-25 06:51:45"
704,FFX,0,1,82,2420,6916378100040BA1,"2022-05-25 06:51:45"
705,FFX,0,1,82,10000,6916378100082807,"2022-05-25 06:51:45"
706,FFX,0,1,82,121951,691637810027AE64,"2022-05-25 06:51:45"
707,FFX,0,1,82,9500,6916378100206AE7,"2022-05-25 06:51:45"
708,FFX,0,1,82,5906,6917A0C100214F0F,"2022-05-25 06:51:45"
709,FFX,0,1,82,1200,691B7101000343F7,"2022-05-25 06:51:45"
710,FFX,0,1,81.5,1226,69119901000E4AD3,"2022-05-25 06:51:45"
711,FFX,0,1,81,23456,690DC7810007B6BF,"2022-05-25 06:51:45"
712,FFX,0,1,81,22000,690DC78100322EA1,"2022-05-25 06:51:45"
713,FFX,0,1,81,7500,690DC78100329569,"2022-05-25 06:51:45"
714,FFX,0,1,81,2444,691199010003055B,"2022-05-25 06:51:45"
715,FFX,0,1,81,5000,691199010006CA8E,"2022-05-25 06:51:45"
716,FFX,0,1,81,650,6911990100407B83,"2022-05-25 06:51:45"
717,FFX,0,1,81,7000,6913678100031444,"2022-05-25 06:51:45"
718,FFX,0,1,81,1235,6913678100138E9E,"2022-05-25 06:51:45"
719,FFX,0,1,81,22000,691B7101000341E1,"2022-05-25 06:51:45"
720,FFX,0,1,80.5,6187,690DC7810002FA4F,"2022-05-25 06:51:45"
721,FFX,0,1,80.5,3726,690DC78100083780,"2022-05-25 06:51:45"
722,FFX,0,1,80.5,2500,690DC781000B213F,"2022-05-25 06:51:45"
723,FFX,0,1,80.5,20000,690DC78100185869,"2022-05-25 06:51:45"
724,FFX,0,1,80.5,1243,690DC78100190AE0,"2022-05-25 06:51:45"
725,FFX,0,1,80.5,4000,691637810004FEB5,"2022-05-25 06:51:45"
726,FFX,0,1,80,625,68D9BF010040A164,"2022-05-25 06:51:45"
727,FFX,0,1,80,60000,68EEE841002BD838,"2022-05-25 06:51:45"
728,FFX,0,1,80,6250,6907C101002653CE,"2022-05-25 06:51:45"
729,FFX,0,1,80,10000,69098FC1001421C1,"2022-05-25 06:51:45"
730,FFX,0,1,80,1250,69098FC10046F3C7,"2022-05-25 06:51:45"
731,FFX,0,1,80,150,690AF7810029DA39,"2022-05-25 06:51:45"
732,FFX,0,1,80,200000,690AF781002E9C48,"2022-05-25 06:51:45"
733,FFX,0,1,80,630,690C5F410004937C,"2022-05-25 06:51:45"
734,FFX,0,1,80,10000,690AF781000AF925,"2022-05-25 06:51:45"
735,FFX,0,1,80,25000,690C5F4100108973,"2022-05-25 06:51:45"
736,FFX,0,1,80,10000,690DC781000DA306,"2022-05-25 06:51:45"
737,FFX,0,1,80,3500,690DC7810011FD99,"2022-05-25 06:51:45"
738,FFX,0,1,80,1250,690DC78100346F42,"2022-05-25 06:51:45"
739,FFX,0,1,80,10000,69119901002D04EA,"2022-05-25 06:51:45"
740,FFX,0,1,80,30000,6913678100030A0A,"2022-05-25 06:51:45"
741,FFX,0,1,80,3500,6913678100031832,"2022-05-25 06:51:45"
742,FFX,0,1,80,400,69136781000FD531,"2022-05-25 06:51:45"
743,FFX,0,1,80,4875,6916378100032221,"2022-05-25 06:51:45"
744,FFX,0,1,80,12501,6916378100085C0C,"2022-05-25 06:51:45"
745,FFX,0,1,80,2000,691637810008986A,"2022-05-25 06:51:45"
746,FFX,0,1,80,10000,6917A0C100188CDE,"2022-05-25 06:51:45"
747,FFX,0,1,79,5000,69098FC10003188B,"2022-05-25 06:51:45"
748,FFX,0,1,79,3000,690DC78100324C72,"2022-05-25 06:51:45"
749,FFX,0,1,78.5,3500,690DC781001228D4,"2022-05-25 06:51:45"
750,FFX,0,1,78.5,25000,690DC78100165E5D,"2022-05-25 06:51:45"
751,FFX,0,1,78,6384,690DC7810002FCFA,"2022-05-25 06:51:45"
752,FFX,0,1,78,15000,690DC78100046A6A,"2022-05-25 06:51:45"
753,FFX,0,1,78,10000,690DC781000D5CE0,"2022-05-25 06:51:45"
754,FFX,0,1,78,1842,691199010003738E,"2022-05-25 06:51:45"
755,FFX,0,1,77.5,8000,6916378100033123,"2022-05-25 06:51:45"
756,FFX,0,1,77,888,6911990100032D1E,"2022-05-25 06:51:45"
757,FFX,0,1,76,25000,69098FC10003E131,"2022-05-25 06:51:45"
758,FFX,0,1,76,5000,690AF781000346B9,"2022-05-25 06:51:45"
759,FFX,0,1,76,2000,6913678100030362,"2022-05-25 06:51:45"
760,FFX,0,1,75.5,6622,6911990100052186,"2022-05-25 06:51:45"
761,FFX,0,1,75,1333,68CFD7C100036AB2,"2022-05-25 06:51:45"
762,FFX,0,1,75,668,6907C101000340CF,"2022-05-25 06:51:45"
763,FFX,0,1,75,6250,68B3B78100032C20,"2022-05-25 06:51:45"
764,FFX,0,1,75,2500,690C5F41003BCEA2,"2022-05-25 06:51:45"
765,FFX,0,1,75,2666,690DC781000304CA,"2022-05-25 06:51:45"
766,FFX,0,1,75,2500,690DC7810031C40C,"2022-05-25 06:51:45"
767,FFX,0,1,75,3000,68CFD7C100183C1E,"2022-05-25 06:51:45"
768,FFX,0,1,75,6000,691199010025F301,"2022-05-25 06:51:45"
769,FFX,0,1,75,100000,6916378100034ACA,"2022-05-25 06:51:45"
770,FFX,0,1,74.5,3000,69098FC1000F5B37,"2022-05-25 06:51:45"
771,FFX,0,1,74,10810,68F748010010632B,"2022-05-25 06:51:45"
772,FFX,0,1,74,5000,690C5F410039AA18,"2022-05-25 06:51:45"
773,FFX,0,1,74,3350,690DC7810003034F,"2022-05-25 06:51:45"
774,FFX,0,1,74,1352,690DC7810005E418,"2022-05-25 06:51:45"
775,FFX,0,1,73.5,525,68FA174100034A7A,"2022-05-25 06:51:45"
776,FFX,0,1,73,5000,690C5F41003AE735,"2022-05-25 06:51:45"
777,FFX,0,1,73,685,69098FC10034AA34,"2022-05-25 06:51:45"
778,FFX,0,1,72,4166,690DC7810003B8BF,"2022-05-25 06:51:45"
779,FFX,0,1,72,50000,6916378100056511,"2022-05-25 06:51:45"
780,FFX,0,1,71,14000,690DC78100108EF7,"2022-05-25 06:51:45"
781,FFX,0,1,70,40000,68A70F41003722FF,"2022-05-25 06:51:45"
782,FFX,0,1,70,1500,68BD8F4100031F4C,"2022-05-25 06:51:45"
783,FFX,0,1,70,4285,69098FC10003D21F,"2022-05-25 06:51:45"
784,FFX,0,1,70,1200,69098FC10009E992,"2022-05-25 06:51:45"
785,FFX,0,1,70,1428,69098FC100158B66,"2022-05-25 06:51:45"
786,FFX,0,1,70,1428,69098FC10023A68C,"2022-05-25 06:51:45"
787,FFX,0,1,70,5000,690C5F4100399985,"2022-05-25 06:51:45"
788,FFX,0,1,70,7000,690DC7810002F519,"2022-05-25 06:51:45"
789,FFX,0,1,69,1000,690C5F41002E0C02,"2022-05-25 06:51:45"
790,FFX,0,1,69,1449,6911990100030761,"2022-05-25 06:51:45"
791,FFX,0,1,68.5,6000,690DC78100030C35,"2022-05-25 06:51:45"
792,FFX,0,1,68,1154,68AF1A010003075B,"2022-05-25 06:51:45"
793,FFX,0,1,68,10000,68B51F81001F8062,"2022-05-25 06:51:45"
794,FFX,0,1,68,5000,690AF781001A76D8,"2022-05-25 06:51:45"
795,FFX,0,1,68,10000,690C5F41000306E4,"2022-05-25 06:51:45"
796,FFX,0,1,68,20000,6917A0C1000322A9,"2022-05-25 06:51:45"
797,FFX,0,1,67,746,68F8AF410003625A,"2022-05-25 06:51:45"
798,FFX,0,1,67,15000,690DC781002FDD66,"2022-05-25 06:51:45"
799,FFX,0,1,65,1530,690AF781000307DD,"2022-05-25 06:51:45"
800,FFX,0,1,65,1500,6916378100087DF1,"2022-05-25 06:51:45"
801,FFX,0,1,65,50000,6917A0C10003321F,"2022-05-25 06:51:45"
802,FFX,0,1,64.5,150,6907C10100033C39,"2022-05-25 06:51:45"
803,FFX,0,1,64,50000,69098FC1003629CA,"2022-05-25 06:51:45"
804,FFX,0,1,64,4687,690AF78100048C34,"2022-05-25 06:51:45"
805,FFX,0,1,62,1741,6916378100116DA0,"2022-05-25 06:51:45"
806,FFX,0,1,61,5200,690DC781000313B2,"2022-05-25 06:51:45"
807,FFX,0,1,61,49180,690DC7810006D136,"2022-05-25 06:51:45"
808,FFX,0,1,60,10000,68A0074100031BA5,"2022-05-25 06:51:45"
809,FFX,0,1,60,1641,68DB26810005F4A0,"2022-05-25 06:51:45"
810,FFX,0,1,60,20000,68D8570100036B08,"2022-05-25 06:51:45"
811,FFX,0,1,60,10000,690C5F41000DCBB0,"2022-05-25 06:51:45"
812,FFX,0,1,60,1000,690DC78100034388,"2022-05-25 06:51:45"
813,FFX,0,1,59,8000,68217CC1000A98AE,"2022-05-25 06:51:45"
814,FFX,0,1,58.5,3384,67F8B1410016D4CF,"2022-05-25 06:51:45"
815,FFX,0,1,55,3800,690AF781001FFFAE,"2022-05-25 06:51:45"
816,FFX,0,1,55,2000,690AF781004248FA,"2022-05-25 06:51:45"
817,FFX,0,1,50,5000,690AF781001C0C10,"2022-05-25 06:51:45"
818,FFX,0,2,94,13987,6917A0C1001D9C6A,"2022-05-25 06:51:45"
819,FFX,0,2,94.5,25000,691B7101003DF51E,"2022-05-25 06:51:45"
820,FFX,0,2,95,17111,691D4141002FD397,"2022-05-25 06:51:45"
821,FFX,0,2,95,6100,691D41410030263D,"2022-05-25 06:51:45"
822,FFX,0,2,95,25778,691D4141002DB71E,"2022-05-25 06:51:45"
823,FFX,0,2,95,25000,691D41410034F14E,"2022-05-25 06:51:45"
824,FFX,0,2,95,1369,691D414100365706,"2022-05-25 06:51:45"
825,FFX,0,2,95,10000,691D41410032B631,"2022-05-25 06:51:45"
826,FFX,0,2,95.5,25000,6914CF41003F17AA,"2022-05-25 06:51:45"
827,FFX,0,2,96.5,25000,691D4141003037A3,"2022-05-25 06:51:45"
828,FFX,0,2,96.5,21255,691D41410034F448,"2022-05-25 06:51:45"
829,FFX,0,2,97,1357,691D4141002B1535,"2022-05-25 06:51:45"
830,FFX,0,2,97,25000,691D4141002DC53D,"2022-05-25 06:51:45"
831,FFX,0,2,97.5,50000,691D414100241DE5,"2022-05-25 06:51:45"
832,FFX,0,2,98,5883,691D4141001562FD,"2022-05-25 06:51:45"
833,FFX,0,2,98,25000,6914CF41001E7096,"2022-05-25 06:51:45"
834,FFX,0,2,98,20000,691D414100185A3D,"2022-05-25 06:51:45"
835,FFX,0,2,98.5,25000,691D414100189DB0,"2022-05-25 06:51:45"
836,FFX,0,2,98.5,2000,691D4141003901F3,"2022-05-25 06:51:45"
837,FFX,0,2,99,27881,691D4141001880CC,"2022-05-25 06:51:45"
838,FFX,0,2,99,50000,691D41410022759A,"2022-05-25 06:51:45"
839,FFX,0,2,99.5,28754,691D4141000BF7B8,"2022-05-25 06:51:45"
840,FFX,0,2,99.5,15000,691D4141000D6D9F,"2022-05-25 06:51:45"
841,FFX,0,2,99.5,10000,691D4141000B84BE,"2022-05-25 06:51:45"
842,FFX,0,2,99.5,12002,6914CF4100065132,"2022-05-25 06:51:45"
843,FFX,0,2,99.5,30000,691D41410010146C,"2022-05-25 06:51:45"
844,FFX,0,2,99.5,5000,691D41410010D9B2,"2022-05-25 06:51:45"
845,FFX,0,2,99.5,10000,691D414100112A0E,"2022-05-25 06:51:45"
846,FFX,0,2,100,21088,691B710100033AB8,"2022-05-25 06:51:45"
847,FFX,0,2,100,2500,691B71010003563D,"2022-05-25 06:51:45"
848,FFX,0,2,100,24250,6914CF41001CF675,"2022-05-25 06:51:45"
849,FFX,0,2,100,30000,68ED6F4100084552,"2022-05-25 06:51:45"
850,FFX,0,2,100,78500,691D41410006595D,"2022-05-25 06:51:45"
851,FFX,0,2,100,100000,691D414100065D6E,"2022-05-25 06:51:45"
852,FFX,0,2,100,7888,691D41410006B23E,"2022-05-25 06:51:45"
853,FFX,0,2,100,3000,691D4141000952DB,"2022-05-25 06:51:45"
854,FFX,0,2,100,5000,691D4141000D4E3F,"2022-05-25 06:51:45"
855,FFX,0,2,100,8930,691D414100108946,"2022-05-25 06:51:45"
856,FFX,0,2,100,11126,691D414100166CA7,"2022-05-25 06:51:45"
857,FFX,0,2,100,2776,691D4141001BF6B5,"2022-05-25 06:51:45"
858,FFX,0,2,100,3000,691D41410021E6FD,"2022-05-25 06:51:45"
859,FFX,0,2,100,21164,691D414100230A2A,"2022-05-25 06:51:45"
860,FFX,0,2,100.5,25000,6914CF410009A2D9,"2022-05-25 06:51:45"
861,FFX,0,2,100.5,25000,6914CF41000BE9DC,"2022-05-25 06:51:45"
862,FFX,0,2,100.5,25000,6917A0C100284BAB,"2022-05-25 06:51:45"
863,FFX,0,2,100.5,2000,691B71010024CF16,"2022-05-25 06:51:45"
864,FFX,0,2,100.5,5660,691D4141000C248F,"2022-05-25 06:51:45"
865,FFX,0,2,101,10000,6917A0C100220D99,"2022-05-25 06:51:45"
866,FFX,0,2,101,68000,691D414100094BFE,"2022-05-25 06:51:45"
867,FFX,0,2,101,20000,691D4141000B8792,"2022-05-25 06:51:45"
868,FFX,0,2,101.5,30000,691D41410009A4DA,"2022-05-25 06:51:45"
869,FFX,0,2,102,619,6907C1010017632A,"2022-05-25 06:51:45"
870,FFX,0,2,102,25000,69098FC10006B1C7,"2022-05-25 06:51:45"
871,FFX,0,2,102,40000,691D41410011507F,"2022-05-25 06:51:45"
872,FFX,0,2,102.5,15000,691D414100062BF5,"2022-05-25 06:51:45"
873,FFX,0,2,102.5,22,691D41410011940D,"2022-05-25 06:51:45"
874,FFX,0,2,102.5,21400,691D414100248161,"2022-05-25 06:51:45"
875,FFX,0,2,103,10000,6907C101000AAECD,"2022-05-25 06:51:45"
876,FFX,0,2,103,15000,6917A0C1001DDAE7,"2022-05-25 06:51:45"
877,FFX,0,2,103,30000,691B71010003294C,"2022-05-25 06:51:45"
878,FFX,0,2,103,9995,691B7101001A2434,"2022-05-25 06:51:45"
879,FFX,0,2,104,5760,691D41410006B21E,"2022-05-25 06:51:45"
880,FFX,0,2,104,25000,691D41410006B9AD,"2022-05-25 06:51:45"
881,FFX,0,2,104,11500,691D4141001433F3,"2022-05-25 06:51:45"
882,FFX,0,2,104.5,1700,691D4141000C60C3,"2022-05-25 06:51:45"
883,FFX,0,2,104.5,8000,691D4141000D5971,"2022-05-25 06:51:45"
884,FFX,0,2,105,10000,6907C1010023203F,"2022-05-25 06:51:45"
885,FFX,0,2,105,21400,691B7101000552A5,"2022-05-25 06:51:45"
886,FFX,0,2,105,3000,691B710100070DCA,"2022-05-25 06:51:45"
887,FFX,0,2,105,9500,691B710100090C0E,"2022-05-25 06:51:45"
888,FFX,0,2,105,6100,691B71010027430C,"2022-05-25 06:51:45"
889,FFX,0,2,105,10000,691B710100360A5D,"2022-05-25 06:51:45"
890,FFX,0,2,105,20000,6917A0C1003919A5,"2022-05-25 06:51:45"
891,FFX,0,2,105,4000,6917A0C10008D309,"2022-05-25 06:51:45"
892,FFX,0,2,105,5000,691D414100208E2D,"2022-05-25 06:51:45"
893,FFX,0,2,105,50000,691D41410032F095,"2022-05-25 06:51:45"
894,FFX,0,2,105.5,2097,691B71010031D618,"2022-05-25 06:51:45"
895,FFX,0,2,106,3821,691B7101003CFA63,"2022-05-25 06:51:45"
896,FFX,0,2,106.5,1900,691B71010005E778,"2022-05-25 06:51:45"
897,FFX,0,2,107,9368,691D4141000AB690,"2022-05-25 06:51:45"
898,FFX,0,2,107,15000,691D4141003937E7,"2022-05-25 06:51:45"
899,FFX,0,2,108,1000,691D4141000F6ACA,"2022-05-25 06:51:45"
900,FFX,0,2,109,1500,691199010016B40B,"2022-05-25 06:51:45"
901,FFX,0,2,109,1000,6914CF41000A468C,"2022-05-25 06:51:45"
902,FFX,0,2,109.5,10001,69136781001AD18D,"2022-05-25 06:51:45"
903,FFX,0,2,110,1734,69098FC100032399,"2022-05-25 06:51:45"
904,FFX,0,2,110,6000,69098FC10004D8F5,"2022-05-25 06:51:45"
905,FFX,0,2,110,5000,6914CF410006B2AC,"2022-05-25 06:51:45"
906,FFX,0,2,110,61324,691637810023133A,"2022-05-25 06:51:45"
907,FFX,0,2,111,25000,69028701002421F2,"2022-05-25 06:51:45"
908,FFX,0,2,111,3000,6903EF410030E1D1,"2022-05-25 06:51:45"
909,FFX,0,2,111,10101,691D4141000C2CE7,"2022-05-25 06:51:45"
910,FFX,0,2,111.5,2000,6903EF410003B4E4,"2022-05-25 06:51:45"
911,FFX,0,2,112,900,6903EF410010D118,"2022-05-25 06:51:45"
912,FFX,0,2,112,15,6907C1010039C408,"2022-05-25 06:51:45"
913,FFX,0,2,112,10000,6914CF410007F3B4,"2022-05-25 06:51:45"
914,FFX,0,2,113,18,6907C10100034AC1,"2022-05-25 06:51:45"
915,FFX,0,2,113,5000,691D41410013B57E,"2022-05-25 06:51:45"
916,FFX,0,2,113.5,10000,69028701002D616C,"2022-05-25 06:51:45"
917,FFX,0,2,113.5,20000,6902870100310ED6,"2022-05-25 06:51:45"
918,FFX,0,2,114,500,690287010030826F,"2022-05-25 06:51:45"
919,FFX,0,2,114,20000,6902870100361DAF,"2022-05-25 06:51:45"
920,FFX,0,2,114,2000,69098FC1004E1156,"2022-05-25 06:51:45"
921,FFX,0,2,114,29400,6914CF4100323575,"2022-05-25 06:51:45"
922,FFX,0,2,114.5,43668,69028701001B0181,"2022-05-25 06:51:45"
923,FFX,0,2,114.5,450,69098FC100072E8B,"2022-05-25 06:51:45"
924,FFX,0,2,115,25000,68EEE84100067391,"2022-05-25 06:51:45"
925,FFX,0,2,115,4000,69028701002B620C,"2022-05-25 06:51:45"
926,FFX,0,2,115,12404,6907C101000345D1,"2022-05-25 06:51:45"
927,FFX,0,2,115,1981,6914CF41003F27AA,"2022-05-25 06:51:45"
928,FFX,0,2,115,5250,6916378100032AF6,"2022-05-25 06:51:45"
929,FFX,0,2,115.5,10000,69028701002D6969,"2022-05-25 06:51:45"
930,FFX,0,2,116,26820,6914CF410009C660,"2022-05-25 06:51:45"
931,FFX,0,2,117,40000,68FFB741000E480D,"2022-05-25 06:51:45"
932,FFX,0,2,117,2000,68EC06C10016B43F,"2022-05-25 06:51:45"
933,FFX,0,2,117,2000,6914CF410018419E,"2022-05-25 06:51:45"
934,FFX,0,2,118,2608,68ED6F4100095707,"2022-05-25 06:51:45"
935,FFX,0,2,118,2906,68FFB7410013CA3B,"2022-05-25 06:51:45"
936,FFX,0,2,118,486,68FFB74100154487,"2022-05-25 06:51:45"
937,FFX,0,2,118,9774,68E22EC1000679BA,"2022-05-25 06:51:45"
938,FFX,0,2,118,1556,68FFB741001E363C,"2022-05-25 06:51:45"
939,FFX,0,2,118,8000,68FDE9010037B2AC,"2022-05-25 06:51:45"
940,FFX,0,2,118,100000,691D4141000C355B,"2022-05-25 06:51:45"
941,FFX,0,2,119,9000,6902870100381CF8,"2022-05-25 06:51:45"
942,FFX,0,2,119.5,10000,6907C101000342BE,"2022-05-25 06:51:45"
943,FFX,0,2,120,25000,68E3968100160931,"2022-05-25 06:51:45"
944,FFX,0,2,120,928,68FDE901000378F7,"2022-05-25 06:51:45"
945,FFX,0,2,120,50000,68FDE9010004A13A,"2022-05-25 06:51:45"
946,FFX,0,2,120,66000,68FFB7410012694F,"2022-05-25 06:51:45"
947,FFX,0,2,120,10000,68D68901001CA578,"2022-05-25 06:51:45"
948,FFX,0,2,120,1800,6907C10100164336,"2022-05-25 06:51:45"
949,FFX,0,2,120,1100,68FDE9010005340B,"2022-05-25 06:51:45"
950,FFX,0,2,120,1000,69098FC10039CBE4,"2022-05-25 06:51:45"
951,FFX,0,2,120,50,6911990100031DB3,"2022-05-25 06:51:45"
952,FFX,0,2,120,5000,6914CF4100088089,"2022-05-25 06:51:45"
953,FFX,0,2,120,1000,6914CF41001D910D,"2022-05-25 06:51:45"
954,FFX,0,2,120,30000,6917A0C1003DB053,"2022-05-25 06:51:45"
955,FFX,0,2,121,8500,68ED6F4100036D90,"2022-05-25 06:51:45"
956,FFX,0,2,121,10000,68ED6F4100082F4F,"2022-05-25 06:51:45"
957,FFX,0,2,122,4347,691B71010010F441,"2022-05-25 06:51:45"
958,FFX,0,2,122.5,4000,68DC8EC1000A0FDC,"2022-05-25 06:51:45"
959,FFX,0,2,123,6800,68E4FE8100293B82,"2022-05-25 06:51:45"
960,FFX,0,2,123.5,904,68FFB741001A715A,"2022-05-25 06:51:45"
961,FFX,0,2,125,3897,68E396810004DFDF,"2022-05-25 06:51:45"
962,FFX,0,2,125,500,68F040810005E9E1,"2022-05-25 06:51:45"
963,FFX,0,2,125,2000,68F5DF01001FB395,"2022-05-25 06:51:45"
964,FFX,0,2,125,19200,68FA17410017D3EC,"2022-05-25 06:51:45"
965,FFX,0,2,125,2500,68FA1741003DF42D,"2022-05-25 06:51:45"
966,FFX,0,2,125,10000,68FDE90100069DAE,"2022-05-25 06:51:45"
967,FFX,0,2,125,1500,68FFB74100035942,"2022-05-25 06:51:45"
968,FFX,0,2,125,441,69028701001EA80B,"2022-05-25 06:51:45"
969,FFX,0,2,125,7500,69028701002D6AA4,"2022-05-25 06:51:45"
970,FFX,0,2,125,47947,6907C10100064BA9,"2022-05-25 06:51:45"
971,FFX,0,2,125,2500,6914CF41000812EE,"2022-05-25 06:51:45"
972,FFX,0,2,125.5,31472,68FDE90100083C5D,"2022-05-25 06:51:45"
973,FFX,0,2,128,10000,68D85701002FABDD,"2022-05-25 06:51:45"
974,FFX,0,2,129,10000,68EC06C1002AA015,"2022-05-25 06:51:45"
975,FFX,0,2,129,15000,68FA17410023F5E0,"2022-05-25 06:51:45"
976,FFX,0,2,129.5,4000,68D857010012D46A,"2022-05-25 06:51:45"
977,FFX,0,2,129.5,5500,68D857010013F809,"2022-05-25 06:51:45"
978,FFX,0,2,130,18000,68FDE90100034F24,"2022-05-25 06:51:45"
979,FFX,0,2,132,7500,68FA174100308516,"2022-05-25 06:51:45"
980,FFX,0,2,133,10000,68E22EC100080A91,"2022-05-25 06:51:45"
981,FFX,0,2,133,40,6903EF410003638B,"2022-05-25 06:51:45"
982,FFX,0,2,133,520,691637810004B1EC,"2022-05-25 06:51:45"
983,BDG,0,1,5.8,17241,68B3B78100032E4D,"2022-05-25 06:51:45"
984,BDG,0,1,5.8,82476,69098FC10006633D,"2022-05-25 06:51:45"
985,BDG,0,1,5.6,91863,69098FC100060A5C,"2022-05-25 06:51:45"
986,BDG,0,1,5.5,26000,69011F0100033720,"2022-05-25 06:51:45"
987,BDG,0,1,5.2,150000,691B71010021E24A,"2022-05-25 06:51:45"
988,BDG,0,1,4.4,11365,66C8EEC1000A045F,"2022-05-25 06:51:45"
989,BDG,0,1,3,16688,64B565410013EBA5,"2022-05-25 06:51:45"
990,BDG,0,2,6.3,41428,691D414100303235,"2022-05-25 06:51:45"
991,BDG,0,2,6.5,140000,691D41410006471D,"2022-05-25 06:51:45"
992,BDG,0,2,6.6,2667,6913678100358B32,"2022-05-25 06:51:45"
993,BDG,0,2,6.6,97333,69136781000769FF,"2022-05-25 06:51:45"
994,BDG,0,2,6.7,52594,69011F01002FCE87,"2022-05-25 06:51:45"
995,BDG,0,2,6.9,130000,69098FC1000379CC,"2022-05-25 06:51:45"
996,BDG,0,2,7.9,10000,68E4FE810006A2A2,"2022-05-25 06:51:45"
997,BDG,0,2,8,42287,68DC8EC10024B491,"2022-05-25 06:51:45"
998,BDG,0,2,8.1,12820,68E061010020D240,"2022-05-25 06:51:45"
999,BDG,0,2,8.7,100000,68DB2681002A6E9B,"2022-05-25 06:51:45"
1000,BDG,0,2,9.1,58000,675165810023AAC9,"2022-05-25 06:51:45"
1001,BDG,0,2,9.9,87240,6759D5C1002A0272,"2022-05-25 06:51:45"
1002,BDG,0,2,9.9,60424,67A561010003554A,"2022-05-25 06:51:45"
1003,BDG,0,2,11,5000,66A562010027B5C5,"2022-05-25 06:51:45"
1004,BDG,0,2,14,14053,670B16810003124D,"2022-05-25 06:51:45"
1005,BDG,0,2,15,164940,65BC67C10012E10B,"2022-05-25 06:51:45"
1006,E25,0,1,64,4000,69119901002C1981,"2022-05-25 06:51:45"
1007,E25,0,1,64,1000,691D4141003686B1,"2022-05-25 06:51:45"
1008,E25,0,1,64,500,691D41410036D58E,"2022-05-25 06:51:45"
1009,E25,0,1,64,10000,691D414100397372,"2022-05-25 06:51:45"
1010,E25,0,1,63,10000,691637810039624D,"2022-05-25 06:51:45"
1011,E25,0,1,63,10000,691D41410026EF53,"2022-05-25 06:51:45"
1012,E25,0,1,62,101080,690AF781002CD8C8,"2022-05-25 06:51:45"
1013,E25,0,1,62,30000,69119901002D8E9B,"2022-05-25 06:51:45"
1014,E25,0,1,61,850,691B710100034E26,"2022-05-25 06:51:45"
1015,E25,0,1,60.5,25000,69098FC1000D7DB5,"2022-05-25 06:51:45"
1016,E25,0,1,60,1666,68FDE90100037E21,"2022-05-25 06:51:45"
1017,E25,0,1,60,15000,6903EF4100196872,"2022-05-25 06:51:45"
1018,E25,0,1,60,8500,6911990100030B3A,"2022-05-25 06:51:45"
