id,asx_code,opening_price,higest_price,lowest_price,last_price,yesterday_closeprice,cumulative_volume,cumulative_value,best_bid_price,best_ask_price,number_of_trades,time_of_trade,security_status,best_bid_quantity,best_ask_quantity,number_of_buyers,number_of_sellers
2001,MTO,244,248,241,248,245,20194,49439,241,248,17,155346,8,4000,659,1,1
2002,MTS,0,0,0,0,0,0,0,0,0,0,,0,9337,0,10,0
2003,MTSGN8,4.5,4.5,4.5,4.5,0,1000,4500,0,0,1,104305,12,0,0,0,0
2004,MTSGU8,13,13,13,13,0,40,520,0,0,1,124305,12,0,0,0,0
2005,MTSJ48,2.5,5,2.5,3,2.5,205,778,0,0,3,112904,12,0,0,0,0
2006,MTSUQ8,36,36,36,36,0,50,1800,0,0,1,124303,12,0,0,0,0
2007,MTSV18,7.5,7.5,7.5,7.5,9,80,600,0,0,1,140916,12,0,0,0,0
2008,MVA,0,0,0,0,0,0,0,2235,2241,0,,0,5750,0,2,1
2009,MVB,0,0,0,0,0,0,0,3114,0,0,,0,0,5000,0,1
2010,MVE,0,0,0,0,0,0,0,0,3535,0,,0,0,1000,0,1
2011,MVF,0,0,0,0,0,0,0,107.5,0,0,,0,2846,0,4,0
2012,MVL,4,4.3,3.9,4.1,4,216488,8844,3.9,4.1,12,155156,4,229343,19000,3,1
2013,MVOL,0,0,0,0,0,0,0,0,0,0,,0,0,0,0,0
2014,MVP,0,0,0,0,0,0,0,0,0,0,,0,0,797,0,2
2015,MVR,0,0,0,0,0,0,0,3541,0,0,,0,0,0,0,0
2016,MVS,2025,2025,2025,2025,2030,42,851,0,2209,1,152153,8,0,682,0,1
2017,MVTHA,9822,9870,9820,9870,9822,226,22197,9442,9870,4,155048,4,300,1010,1,2
2018,MVW,0,0,0,0,0,0,0,3309,0,0,,0,0,0,0,0
2019,MWY,96,96,95,95,98,7188,6832,95,100,6,134957,8,2500,40322,1,1
2020,MX1,0,0,0,0,0,0,0,0,16.5,0,,0,0,38000,0,1
2021,MXC,0,0,0,0,0,0,0,0,0,0,,12,0,0,0,0
2022,MXI,191.5,198,191.5,198,190,188728,368430,193,198,10,161524,8,1938,7922,1,1
2023,MXO,0,0,0,0,0,0,0,0,0,0,,12,0,0,0,0
2024,MXOOA,1,1,1,1,3,10000,100,1,3,1,120104,4,408885,92179,2,1
2025,MXR,0,0,0,0,0,255300,18382,0,0,3,101016,0,0,2049,0,0
2026,MXT,0,0,0,0,0,0,0,0,0,0,,0,0,186580,0,7
2027,MYD,0,0,0,0,0,0,0,0,0,0,,0,1091515,0,15,0
2028,MYE,45,45.5,44,44,46,42999,19087,43.5,49,12,152328,8,22222,10408,1,1
2029,MYR,0,0,0,0,0,0,0,0,43,0,,0,208448,6824,8,4
2030,MYS,0,0,0,0,0,0,0,0,0,0,,0,3069,4578,4,3
2031,MYX,0,0,0,29.5,0,78547,22789,0,0,20,101106,0,0,102721,0,0
2032,MZZ,0,0,0,0,0,0,0,0,0,0,,0,0,258040,0,4
2033,NAB,0,0,0,0,0,188952,5927692,3138,3140,587,101108,0,1831,692,10,5
2034,NAB1U7,80,80,80,80,0,3,240,0,0,1,142115,12,0,0,0,0
2035,NAB2X8,20,20,20,20,0,50,1000,0,0,1,144710,12,0,0,0,0
2036,NABC88,341,341,341,341,0,20,6820,0,0,1,145058,12,0,0,0,0
2037,NABCY8,76,76,76,76,102,10,760,0,0,1,104330,12,0,0,0,0
2038,NABCZ8,75,75,75,75,62,1,75,0,0,1,120434,12,0,0,0,0
2039,NABFI8,30,30,30,30,0,50,1500,0,0,1,115300,12,0,0,0,0
2040,NABFU8,58,58,58,58,50,12,696,0,60,1,111035,12,0,180,0,1
2041,NABFZ7,43,43,43,43,40,30,1290,0,0,1,112149,12,0,0,0,0
2042,NABG57,15,15,15,15,15,7,105,0,0,1,104926,12,0,0,0,0
2043,NABGW7,11,11,11,11,56,10,110,0,0,1,111234,12,0,0,0,0
2044,NABI37,0,0,0,0,0,0,0,0,0,0,,0,0,0,0,0
2045,NABIOX,0,0,0,0,0,0,0,0,0,0,,0,0,0,0,0
2046,NABIOZ,0,0,0,0,0,0,0,0,0,0,,0,0,0,0,0
2047,NABK68,0,0,0,0,0,0,0,0,0,0,,6,0,0,0,0
2048,NABKT8,49.5,57,49.5,57,48,62,3159,0,0,3,125144,12,0,0,0,0
2049,NABKU8,0,0,0,0,0,0,0,0,0,0,,6,0,0,0,0
2050,NABKX8,39,39,39,39,44,8,312,0,0,1,105014,12,0,0,0,0
2051,NABMZ8,15,15,15,15,52,15,225,0,15,1,105648,12,0,10,0,1
2052,NABPD,0,0,0,0,0,0,0,0,10089,0,,0,0,1322,0,0
2053,NABPE,0,0,0,0,0,0,0,0,0,0,,0,0,10,0,1
2054,NABPF,0,0,0,0,0,0,0,0,0,0,100526,0,400,0,0,0
2055,NABPH,0,0,0,0,0,0,0,0,0,0,,0,95,0,1,0
2056,NABPP8,0,0,0,0,0,0,0,0,0,0,,6,0,0,0,0
2057,NABRV8,22,22,22,22,35,30,660,0,0,1,134143,12,0,0,0,0
2058,NABRX8,9,9,9,9,39.5,6,54,0,0,1,114057,12,0,0,0,0
2059,NABSN7,0,0,0,0,0,0,0,0,0,0,,6,0,0,0,0
2060,NABSO7,32,32,32,32,62,200,6400,0,0,4,101312,12,0,0,0,0
2061,NABSQ7,22,22,22,22,46,40,880,0,0,1,124004,12,0,0,0,0
2062,NABSS7,9,9,7,7,24,200,1720,0,0,2,142637,12,0,0,0,0
2063,NABU88,57,57,57,57,64,22,1254,0,0,1,113225,12,0,0,0,0
2064,NABUY8,78,78,78,78,73,34,2652,0,0,2,153331,12,0,0,0,0
2065,NABV38,46,46,46,46,57,10,460,0,0,1,131703,12,0,0,0,0
2066,NABVT8,120,120,120,120,0,2,240,0,0,1,120230,12,0,0,0,0
2067,NABXO9,8,8,8,8,13,10,80,0,8.5,1,112228,12,0,10,0,1
2068,NABXZ7,124.5,124.5,124,124,188,275,34225,0,0,2,150325,12,0,0,0,0
2069,NABY27,98,98,98,98,0,20,1960,0,0,1,105551,12,0,0,0,0
2070,NABY47,71,71,71,71,72.5,48,3408,0,0,4,121511,12,0,0,0,0
2071,NAC,92.5,95.5,92.5,95.5,95.5,71981,67854,95,95.5,9,152959,4,400,2467,1,1
2072,NACGA,9900,9900,9900,9900,9900,400,39600,9900,10000,3,103232,4,15,600,1,1
2073,NAE,0,0,0,0,0,0,0,0,0,0,,0,4902095,0,13,0
2074,NAM,0,0,0,0,0,68157,30919,45,46.5,9,,0,13456,25246,0,2
2075,NAN,0,0,0,0,0,0,0,0,0,0,,0,0,576,0,4
2076,NBI,0,0,0,0,0,0,0,0,0,0,,0,7398,0,3,0
2077,NC1,0,0,0,0,0,0,0,0,140.5,0,,0,0,1617,0,0
2078,NC6,8.5,8.8,8.5,8.5,8.8,361288,30934,8.5,8.8,14,161049,8,60681,100000,2,1
2079,NCC,99,100.5,98.5,100,99,77849,77480,98.5,100,24,161049,8,1131,11828,1,1
2080,NCCGA,9767,9767,9767,9767,9767,10,977,9650,9767,1,120835,8,80,947,1,2
2081,NCK,0,0,0,0,0,0,0,0,0,0,,0,266,2068,4,16
2082,NCL,7.6,8,7.6,7.6,7.6,97637,7540,7.6,8,4,150247,8,72546,30008,1,1
2083,NCM,0,0,0,0,0,137897,3488646,0,2541,551,101108,0,365,2735,4,7
2084,NCM8V7,109,109,109,109,0,12,1308,0,0,2,132006,12,0,0,0,0
2085,NCMBP8,0,0,0,0,0,0,0,0,0,0,,6,0,0,0,0
2086,NCMBT9,63.5,63.5,63.5,63.5,0,45,2908,0,0,2,135315,12,0,0,0,0
2087,NCMBX9,25,25,25,25,0,60,1500,0,0,1,141335,12,0,0,0,0
2088,NCMC58,199,199,199,199,162,10,1990,0,0,1,132246,12,0,0,0,0
2089,NCMC78,233,233,233,233,276,10,2330,0,0,1,131539,12,0,0,0,0
2090,NCMCG8,227,227,223,223,0,20,4500,0,0,3,150109,12,0,0,0,0
2091,NCMCS9,56.5,56.5,52,52,0,820,45069,0,0,7,103740,12,0,0,0,0
2092,NCMCW9,15,15,15,15,0,120,1800,0,0,1,130239,12,0,0,0,0
2093,NCMD79,24,24,24,24,0,100,2400,0,0,1,112041,12,0,0,0,0
2094,NCMDR7,100,100,100,100,0,10,1000,0,0,1,133511,12,0,0,0,0
2095,NCMG49,46,46.5,46,46.5,0,40,1850,0,0,2,120336,12,0,0,0,0
2096,NCMG69,62,62,62,62,0,20,1240,0,0,1,115547,12,0,0,0,0
2097,NCMIN9,40,40,39,39,0,90,3570,0,0,2,134756,12,0,0,0,0
2098,NCMIS7,46,46,46,46,78,30,1380,0,0,1,111450,12,0,0,0,0
2099,NCMIU7,70,76,70,76,133,50,3710,0,0,3,115427,12,0,0,0,0
2100,NCMJOA,1404,1404,1404,1404,0,75,1053,1409,1410,1,101000,4,1,1,1,1
2101,NCMKO8,25.5,25.5,25.5,25.5,0,17,434,0,0,1,114212,12,0,0,0,0
2102,NCMKOL,0,0,0,0,0,0,0,0,807,0,,0,0,2000,0,0
2103,NCMKOW,0,0,0,0,0,0,0,0,0,0,,0,0,0,0,0
2104,NCMKS8,43,43,43,43,41,200,8600,0,0,1,103657,12,0,0,0,0
2105,NCMKU9,210,210,210,210,175,10,2100,0,0,1,133724,12,0,0,0,0
2106,NCMLT9,150,150,150,150,114,15,2250,0,0,1,105251,12,0,0,0,0
2107,NCMLX9,94,100,94,100,170,48,4560,0,0,3,113041,12,0,0,0,0
2108,NCMLZ9,86,86,81,81,69.5,45,3770,0,0,2,150638,12,0,0,0,0
2109,NCMM69,42,42,42,42,98,10,420,0,0,1,112200,12,0,0,0,0
2110,NCMMS8,1.5,1.5,1.5,1.5,21,40,60,0,0,1,115656,12,0,0,0,0
2111,NCMPR7,0,0,0,0,0,0,0,0,0,0,,6,0,0,0,0
2112,NCMPS7,129,129,129,129,205,20,2580,0,0,2,103956,12,0,0,0,0
2113,NCMSI7,50,50,50,50,205,531,26550,0,0,2,132440,12,0,0,0,0
2114,NCMSJ7,159,159,159,159,198,60,9540,0,0,1,120536,12,0,0,0,0
2115,NCMSL7,0,0,0,0,0,0,0,0,0,0,,6,0,0,0,0
2116,NCMU27,41.5,41.5,41.5,41.5,41.5,60,1980,0,97,1,101604,12,0,1,0,1
2117,NCMU47,0,0,0,0,0,0,0,0,0,0,,6,0,0,0,0
2118,NCMU57,86,86,86,86,74,112,10088,0,0,3,151203,12,0,0,0,0
2119,NCMUA7,97,97,90,90,74,601,54664,0,0,13,155649,12,0,0,0,0
2120,NCMUB7,48,54,48,48,38,106,5178,0,0,5,152144,12,0,0,0,0
2121,NCMUD7,25.5,27,23,24.5,110,405,9758,0,0,9,153053,12,0,0,0,0
2122,NCMUJ7,14,15,11.5,11.5,32,70,930,0,0,4,144155,12,0,0,0,0
2123,NCMV48,5,5,5,5,35,200,1000,0,0,1,112528,12,0,0,0,0
2124,NCMV88,0,0,0,0,0,0,0,0,0,0,,6,0,0,0,0
2125,NCMVC8,13.5,14,13.5,14,56,8,111,0,0,2,141741,12,0,0,0,0
2126,NCMVE8,0,0,0,0,0,0,0,0,0,0,,6,0,0,0,0
2127,NCMVF8,0,0,0,0,0,0,0,0,0,0,,6,0,0,0,0
2128,NCMVH8,22,24,22,24,15,220,4920,0,0,4,112800,12,0,0,0,0
2129,NCMVJ8,10,11,10,10,16.5,465,4830,0,12,10,152140,12,0,242,0,1
2130,NCMVL8,7.5,7.5,5.5,5.5,8,510,2925,0,0,6,141113,12,0,0,0,0
2131,NCMVP8,22,22,22,22,22,200,850,0,0,4,141113,12,0,0,0,0
2132,NCMY88,468,468,468,468,0,1,468,0,0,1,102927,12,0,0,0,0
2133,NCMYH7,18,18.5,17,18.5,14,164,2986,0,18,5,153005,12,0,16,0,1
2134,NCMYL7,24.5,24.5,24.5,24.5,24.5,200,800,0,0,1,110346,12,0,0,0,0
2135,NCMZ48,0,0,0,0,0,25,175,0,0,1,135315,12,0,0,0,0
2136,NCMZ69,12,12,12,12,26,10,120,0,0,1,104100,12,0,0,0,0
2137,NCMZA7,0,0,0,0,0,0,0,0,0,0,,6,0,0,0,0
2138,NCMZM8,16.5,19.5,16.5,19.5,36,110,1845,0,0,2,141944,12,0,0,0,0
2139,NCMZO8,34,34,34,34,0,20,680,0,0,1,102753,12,0,0,0,0
2140,NCMZV8,28,28,24,25.5,0,110,2838,0,0,3,144925,12,0,0,0,0
2141,NCR,1,1,1,1,1,85000,850,1,1.1,1,122209,4,1026000,89822,1,1
2142,NCZ,0,0,0,0,0,0,0,0,0,0,,12,0,0,0,0
2143,NDIA,0,0,0,0,0,0,0,0,5796,0,,0,0,0,0,0
2144,NDQ,0,0,0,2659,0,26019,691983,0,0,95,101109,0,0,0,0,0
2145,NDXKOD,2087,2144,2087,2144,2900,1000,21155,2155,2157,2,113320,4,3000,3000,1,1
2146,NDXKOH,798,798,798,798,1093,160,1277,798,0,1,140611,4,91,0,1,0
2147,NDXKOS,0,0,0,0,0,0,0,0,0,0,,0,0,0,0,0
2148,NEA,0,0,0,0,0,0,0,0,118,0,,0,18942,6213,1,3
2149,NEC,0,0,0,0,0,0,0,0,0,0,,0,0,13682,0,0
2150,NEC4J9,5,5,5,5,0,750,3750,0,0,1,134824,12,0,0,0,0
2151,NEC4U9,0,0,0,0,0,0,0,0,0,0,,6,0,0,0,0
2152,NECKOB,50,50,50,50,57.5,4000,2000,49.5,50.5,1,112703,4,1,1,1,1
2153,NECKOD,68.5,68.5,68.5,68.5,98.5,4000,2740,68,69,1,113318,4,1,1,1,1
2154,NES,0,0,0,0,0,0,0,0,0,0,,0,416522,0,4,0
2155,NET,0,0,0,0,0,0,0,0,0,0,,0,0,226349,0,2
2156,NEU,0,0,0,0,0,0,0,0,0,0,,0,0,1371,0,3
2157,NEW,0,0,0,0,0,0,0,0,0,0,,12,0,0,0,0
2158,NFNG,8655,8750,8200,8450,8810,8979,760182,8400,8750,34,154220,8,281,232,1,1
2159,NGI,0,0,0,0,0,0,0,0,0,0,,0,0,357,0,0
2160,NHC,0,0,0,0,0,0,0,0,0,0,,0,21735,0,17,0
2161,NHE,0,0,0,0,0,0,0,0,0,0,,12,0,0,0,0
2162,NHF,0,0,0,728,0,48698,353883,0,0,148,101109,0,0,0,0,0
2163,NIC,0,0,0,126.7,0,184500,233400,0,0,178,101105,0,53396,0,7,0
2164,NIM,52,52,49,49,51,56771,28629,49,51,11,142055,8,11037,9000,1,1
2165,NIS,0,0,0,0,0,0,0,0,0,0,,12,0,0,0,0
2166,NKL,18.5,18.5,18,18.5,18.5,176832,32379,18,19,12,155126,8,74721,10000,2,1
2167,NML,0,0,0,0,0,0,0,0,0,0,,0,74250,0,2,0
2168,NMT,0,0,0,0,0,72727,95604,132,0,55,101109,0,18905,0,8,0
2169,NNG,0,0,0,0,0,0,0,0,0,0,,12,0,0,0,0
2170,NNUK,165.5,165.5,165.5,165.5,165,57547,95240,0,0,5,144502,8,0,0,0,0
2171,NOL,0,0,0,0,0,0,0,0,215,0,,0,0,28620,0,0
2172,NOR,1.4,1.5,1.4,1.4,1.7,535719,7792,1.4,1.5,7,161049,8,97404,8064,1,1
2173,NOU,18.5,18.5,18,18,18.5,34211,6302,18,18.5,67,154315,8,89023,5765,7,1
2174,NOUO,4.5,4.5,4.5,4.5,4.5,9553,430,4.5,5,3,124808,4,7002,3106,1,1
2175,NOV,0,0,0,0,0,0,0,0,0,0,,12,0,0,0,0
2176,NOX,0,0,0,0,0,0,0,0,23,0,,0,0,20000,0,0
2177,NPR,166,167.5,161,166,166,234394,383816,162,169.5,46,155110,8,2447,5000,1,1
2178,NRZ,0,17.5,0,17.5,0,133827,23054,0,0,12,101014,0,1345999,141293,25,0
2179,NSB,21,21,20,20,21.5,482808,100259,20,22,14,154122,8,21892,9500,1,1
2180,NSC,0,0,0,0,0,0,0,0,80,0,,0,60000,6250,2,0
2181,NSCOA,2.3,2.3,2.3,2.3,2.3,18880,434,2.3,2.4,2,132909,8,28753,5000,1,1
2182,NSM,20.5,21.5,20.5,21.5,20.5,31341,6544,21.5,25,5,155303,8,52849,13520,1,1
2183,NSR,0,0,0,0,0,0,0,0,0,0,,0,17365,0,6,0
2184,NST,0,0,0,0,0,0,0,907,0,0,,0,988,6827,5,9
2185,NSTBF8,12.5,12.5,12.5,12.5,76,40,500,0,0,1,131037,12,0,0,0,0
2186,NSTBH8,10.5,10.5,10.5,10.5,112,43,452,0,0,1,113809,12,0,0,0,0
2187,NSTD88,64,64,64,64,0,5,320,0,0,1,144408,12,0,0,0,0
2188,NSTG88,20,20,20,20,0,5,100,0,0,1,143306,12,0,0,0,0
2189,NSTJE8,10,10,10,10,0,1675,16750,0,0,2,112355,12,0,0,0,0
2190,NSTJOA,331,331,331,331,280,300,993,0,0,1,100849,4,0,0,0,0
2191,NSTYT7,51.5,51.5,51.5,51.5,38.5,70,3605,0,0,1,124613,12,0,0,0,0
2192,NSTYV7,39,39,39,39,28,250,9750,30,0,1,132129,12,10,0,1,0
2193,NSTYX7,30,33,28.5,33,170,410,12288,0,0,5,155002,12,0,0,0,0
2194,NSTZ27,0,0,0,0,0,0,0,0,0,0,,6,0,0,0,0
2195,NSTZ57,10,10,10,10,6,480,4800,0,0,2,144524,12,0,0,0,0
2196,NSTZ77,0,0,0,0,0,0,0,0,0,0,,6,0,0,0,0
2197,NSTZ97,4.5,4.5,4.5,4.5,83,80,360,0,0,1,112202,12,0,0,0,0
2198,NSTZN7,24,24,24,24,65,50,1200,0,0,1,114637,12,0,0,0,0
2199,NSTZY7,0,0,0,0,0,0,0,0,0,0,,6,0,0,0,0
2200,NTD,0,0,0,0,0,0,0,0,0,0,,12,0,0,0,0
2201,NTI,5.5,5.8,5.4,5.6,5.8,1032899,57996,5.6,5.7,15,134601,8,35600,121000,1,1
2202,NTO,0,0,0,0,0,0,0,0,0,0,,0,5121,0,10,0
2203,NTU,4.3,4.3,4.3,4.3,4.2,50,2,4.2,4.4,1,100720,12,1345983,347015,12,4
2204,NUC,28,28,28,28,28,1926,539,28,30,3,120139,4,13308,11407,2,2
2205,NUF,0,0,0,0,0,0,0,0,0,0,,0,0,9433,0,9
2206,NUH,0,0,0,0,0,294910,44237,14.5,15,11,100930,0,12187,161810,0,2
2207,NVA,0,0,0,0,0,0,0,0,0,0,,0,0,6500,0,1
2208,NVX,0,0,0,0,0,0,0,393,394,0,,0,9297,448,4,2
2209,NVXKOA,0,0,0,0,0,0,0,0,0,0,,0,0,0,0,0
2210,NWC,4.2,4.2,4,4.2,4.2,5122593,210265,3.9,4.3,50,161049,8,40666,1000000,2,1
2211,NWE,0,0,0,0,0,711563,23482,0,0,20,101108,0,6037707,0,46,0
2212,NWF,0,0,0,0,0,0,0,0,41.5,0,,0,0,3,0,0
2213,NWH,0,0,0,0,0,0,0,0,0,0,,0,10309,0,10,0
2214,NWL,0,0,1255,1255,0,6543,82702,1253,1256,133,101043,0,246,65,5,2
2215,NWM,4.7,4.7,4.7,4.7,4.6,82067,3857,4.6,4.7,6,161049,8,100000,52800,1,2
2216,NWS,0,0,0,0,0,0,0,0,0,0,,0,144,37,2,2
2217,NXG,0,0,0,0,0,0,0,0,0,0,,12,0,0,0,0
2218,NXL,0,0,0,0,0,0,0,0,0,0,,0,7522,0,9,0
2219,NXM,0,0,0,0,0,0,0,0,0,0,,12,0,0,0,0
2220,NXS,0,0,0,0,0,0,0,0,0,0,,12,0,0,0,0
2221,NXT,0,0,0,0,0,32880,350097,0,0,232,101109,0,109,15,1,2
2222,NXTUX7,25.5,25.5,25.5,25.5,0,200,5100,0,0,1,141041,12,0,0,0,0
2223,NYM,17,17,17,17,18,5930,1008,17,18.5,1,144402,8,44070,50000,1,1
2224,NYR,0,0,0,0,0,0,0,0,0,0,,12,0,0,0,0
2225,NZK,18.5,18.5,18.5,18.5,18,156,29,18,18.5,1,100933,12,49605,49844,2,1
2226,NZM,0,0,0,0,0,0,0,0,0,0,,12,0,0,0,0
2227,NZS,0,0,0,0,0,0,0,0,0,0,,12,0,0,0,0
2228,OAK,0,0,0,0,0,0,0,0,0,0,,12,0,0,0,0
2229,OAR,0.7,0.8,0.6,0.8,0.7,5997641,40971,0.7,0.8,28,150222,8,4390765,5054166,5,9
2230,OBL,0,0,0,0,0,8927,29367,0,0,64,,0,841,0,3,0
2231,OBLHA,10070,10070,10070,10070,10060,139,13997,10070,10120,1,122844,4,361,200,2,1
2232,OBM,0,0,0,0,0,0,0,0,0,0,,12,0,0,0,0
2233,OCC,0,0,0,0,0,0,0,34.5,0,0,,0,82000,0,5,0
2234,OCL,0,0,0,0,0,0,0,1500,1557,0,,0,1788,419,2,2
2235,ODA,0,0,0,0,0,0,0,0,0,0,,0,8247,0,0,0
2236,ODE,0,0,0,0,0,0,0,0,0,0,,12,0,0,0,0
2237,ODM,1.7,1.7,1.7,1.7,1.6,154223,2622,1.6,2.2,7,150246,8,555499,98193,3,2
2238,ODY,4.7,4.8,4.7,4.8,4.6,735388,35238,4.7,4.8,7,161005,4,50000,101337,1,1
2239,OEC,29.5,29.5,29.5,29.5,29,19798,5840,29.5,30,3,123943,8,4947,400,1,1
2240,OEL,1.5,1.6,1.5,1.6,1.5,376861,5680,1.4,1.6,8,155741,8,1662684,9152381,3,13
2241,OEX,0,0,0,0,0,0,0,0,0,0,,0,45843985,0,88,0
2242,OFX,0,0,0,0,0,0,0,0,0,0,,0,0,6945,0,4
2243,OGC,0,0,0,0,0,0,0,0,0,0,,0,3341,620,3,0
2244,OIL,13.5,14,13.5,13.5,13.5,151492,20451,13.5,14,3,131522,8,20787,99996,1,1
2245,OKR,26,26,24,24,25,68545,17297,23,26,11,154720,8,105217,5636,2,1
2246,OKU,8,8,7.7,7.7,8,1331537,105781,7.7,7.8,12,123923,8,6000,180000,1,1
2247,OLL,0,0,0,0,0,0,0,0,0,0,,0,0,141337,0,2
2248,OMH,0,0,0,0,0,0,0,0,0,0,,0,6534,0,3,0
2249,OML,0,0,0,0,0,0,0,0,148.5,0,,0,0,300,0,1
2250,OMX,0,0,0,0,0,0,0,0,0,0,,12,0,0,0,0
2251,ONE,0,0,0,0,0,0,0,0,0,0,,0,0,39890,0,1
2252,OOK,0,0,0,0,0,0,0,0,0,0,,12,0,0,0,0
2253,OOO,0,0,0,0,0,0,0,0,0,0,,0,109265,0,1,0
2254,OPH,275,277,273,273,275,81308,223222,273,277,35,155546,8,43426,2000,1,1
2255,OPN,21.5,21.5,21.5,21.5,22,25599,5504,20,21.5,3,105415,8,110000,25000,2,1
2256,OPT,0,0,0,130,0,21536,27925,130,131,22,101055,0,290,1119,2,0
2257,ORA,0,0,0,0,0,0,0,0,0,0,,0,0,5027,0,5
2258,ORG,0,0,0,679.5,0,57263,388080,0,0,196,101107,0,9670,39218,15,0
2259,ORGE97,20.5,20.5,20,20,25.5,250,5075,0,0,2,135131,12,0,0,0,0
2260,ORGG57,27.5,27.5,27.5,27.5,11,50,1375,0,0,1,115450,12,0,0,0,0
2261,ORGJOE,352,352,352,352,243,3500,12320,351,352,1,110217,4,1,1,1,1
2262,ORGL39,0,0,0,0,0,0,0,0,0,0,,6,0,0,0,0
2263,ORGT67,8,8,8,8,14,1897,15176,7,0,3,113540,12,500,0,1,0
2264,ORGZT7,19,19,19,19,0,50,950,0,0,1,113723,12,0,0,0,0
2265,ORI,0,0,0,0,0,46837,741570,1577,1578,430,101109,0,469,78,4,6
2266,ORN,0,0,0,0,0,0,0,0,0,0,,12,0,0,0,0
2267,ORR,0,0,0,0,0,0,0,0,58,0,,0,0,100000,0,0
2268,OSL,0,0,5.1,5.1,0,518671,26950,5.1,0,8,,0,515172,0,2,0
2269,OSM,20,20,20,20,20,183785,36757,20,21,7,155408,8,61975,3507,2,1
2270,OSX,17,17.5,16.5,17.5,17,72186,12317,16,18,5,152011,8,64000,73005,2,4
2271,OVN,0,0,0,0,0,0,0,0,0,0,,12,0,0,0,0
2272,OVT,11.5,11.5,11.5,11.5,12,22112,2543,11.5,12,3,115912,8,11776,4225,1,1
2273,OXT,6.5,6.6,6.5,6.6,6.9,62448,4111,6.6,6.8,5,130229,8,4983,10000,1,1
2274,OXX,2,2,2,2,1.9,50000,1000,2,3,1,142155,4,105000,200843,1,3
2275,OZF,0,0,0,0,0,0,0,0,2172,0,,0,0,0,0,0
2276,OZL,0,0,0,0,0,55809,1294434,0,0,492,101110,0,164,146,4,3
2277,OZLCY7,14,14,14,14,19,100,1400,0,0,1,113446,12,0,0,0,0
2278,OZLF39,179,179,179,179,73.5,100,17900,0,0,1,105603,12,0,0,0,0
2279,OZLF59,198,198,198,198,146,100,19800,0,0,1,113318,12,0,0,0,0
2280,OZLGX9,0,0,0,0,0,0,0,0,0,0,,6,0,0,0,0
2281,OZLI19,0,0,0,0,0,0,0,0,0,0,,6,0,0,0,0
2282,OZLIR8,0,0,0,0,0,0,0,0,0,0,,6,0,0,0,0
2283,OZLIS8,0,0,0,0,0,0,0,0,0,0,,6,0,0,0,0
2284,OZLJ18,0,0,0,0,0,0,0,0,0,0,,6,0,0,0,0
2285,OZLJQ7,0,0,0,0,0,0,0,0,0,0,,6,0,0,0,0
2286,OZLKO8,0,0,0,0,0,0,0,0,0,0,,6,0,0,0,0
2287,OZLKOE,0,0,0,0,0,0,0,0,0,0,,0,0,0,0,0
2288,OZLKQ9,131,131,131,131,139,300,39300,0,0,2,144022,12,0,0,0,0
2289,OZLNW7,0,0,0,0,0,0,0,0,0,0,,6,0,0,0,0
2290,OZLQO8,49,49,45,46,103.5,53,2488,0,0,3,153931,12,0,0,0,0
2291,OZLYI7,133,133,133,133,82,100,13300,0,0,1,131345,12,0,0,0,0
2292,OZLYJ7,79,79,79,79,161,100,7900,0,0,1,131323,12,0,0,0,0
2293,OZM,0,0,0,0,0,0,0,0,0,0,,0,0,24106,0,2
2294,OZR,0,0,0,0,0,0,0,1401,2073,0,,0,1065,196,2,0
2295,PAA,8.9,8.9,8.4,8.4,8.9,481652,41383,8.5,8.7,30,145657,8,1588,31177,1,1
2296,PAAO,1.6,1.6,1.6,1.6,1.4,3928,63,1.3,1.6,1,161049,8,99999,96072,1,1
2297,PAB,0,0,0,0,0,0,0,0,0,0,,0,0,476190,0,2
2298,PABOA,0.9,0.9,0.9,0.9,0.8,91444,823,0.8,0.9,1,100654,8,64445,205556,1,1
2299,PAC,0,0,0,0,0,1061,7726,0,0,19,100831,0,8392,231,2,0
2300,PAI,0,0,0,0,0,0,0,0,0,0,,12,0,0,0,0
2301,PAK,1.1,1.1,1.1,1.1,1.1,1410734,15518,1.1,1.2,5,101925,8,765220,283416,3,2
2302,PAM,50,51.5,50,51.5,46,100685,51603,46.5,51.5,24,150006,8,13193,27742,4,3
2303,PAN,0,0,0,0,0,0,0,0,0,0,,0,0,205911,0,10
2304,PAR,0,0,0,0,0,0,0,0,0,0,,12,0,0,0,0
2305,PAXX,0,0,0,0,0,0,0,0,0,0,,12,0,0,0,0
2306,PBH,0,0,0,249.5,0,89082,221176,0,0,134,101100,0,3915,0,5,0
2307,PBHG18,8,8,5,6,27,410,2580,0,0,5,144135,12,0,0,0,0
2308,PBHG38,7.5,8,7.5,8,0,162,1280,0,0,2,123447,12,0,0,0,0
2309,PBHKP8,3,5,3,4.5,18,500,2000,0,0,3,143655,12,0,0,0,0
2310,PBHM48,11,11,11,11,19,200,2200,0,0,1,141236,12,0,0,0,0
2311,PBHM58,40,40,40,40,41,7,280,0,0,1,114657,12,0,0,0,0
2312,PBHO,1.1,1.1,1.1,1.1,1.1,2093,23,1.1,1.8,1,133608,8,454438,1546,3,1
2313,PBHQO8,3,3,3,3,0,100,300,0,0,1,132834,12,0,0,0,0
2314,PBP,0,0,0,0,0,0,0,227,235,0,,0,8810,1000,0,0
2315,PBX,0,0,0,0,0,0,0,0,0,0,,12,0,0,0,0
2316,PCG,168,168,168,168,168,1830,3074,168,169,1,100727,12,648,2685,2,1
2317,PCI,103.5,103.5,102,102,102.5,439655,450743,102,103,50,161049,8,111497,127350,4,2
2318,PCK,0,0,0,0,0,292868,10371,0,0,7,101106,0,26388,0,2,0
2319,PCL,0,0,0,0,0,0,0,0,0,0,,0,28331520,0,65,0
2320,PDI,0,0,0,0,0,0,0,0,0,0,,0,388615,0,9,0
2321,PDL,0,0,0,0,0,0,0,0,0,0,,0,36762,11955,12,8
2322,PDN,0,0,0,71.7,0,492606,354231,71.5,72,166,101109,0,144637,40428,12,2
2323,PDNKOA,27,27,27,27,26.5,100000,27000,26.5,27.5,3,134954,4,1,1,1,1
2324,PE1,142,147.5,141.5,141.5,141,242138,350089,141.5,147.5,74,161049,8,8356,8913,1,1
2325,PEB,75.5,75.5,72,72,76,19389,14079,61.5,76,36,131651,8,5000,7916,1,1
2326,PEC,4.5,4.7,4.5,4.5,4.7,125500,5680,4.1,4.5,5,154731,8,25000,104369,1,1
2327,PEK,0,0,0,0,0,0,0,0,0,0,,12,0,0,0,0
2328,PEN,0,0,0,0,0,0,0,0,0,0,,0,894880,0,29,0
2329,PEX,21,21,21,21,21,1938255,407034,20,21.5,76,153540,8,100000,199899,1,2
2330,PFE,14.5,14.5,14.5,14.5,14,3551,515,14,14.5,2,100654,8,23460,2655,2,1
2331,PFG,0,0,0,0,0,0,0,18.5,19,0,,0,34730,66039,0,4
2332,PFP,0,0,0,0,0,0,0,0,0,0,,12,0,0,0,0
2333,PFT,0,0,0,0,0,0,0,0,0,0,,12,0,0,0,0
2334,PG1,0,0,0,0,0,0,0,0,0,0,,12,0,0,0,0
2335,PGC,0,0,0,0,0,0,0,0,0,0,,0,40795,0,4,0
2336,PGD,0,0,0,0,0,0,0,46,0,0,,0,12889,0,3,0
2337,PGF,0,0,0,0,0,0,0,0,0,0,,12,0,0,0,0
2338,PGG,0,0,0,0,0,0,0,0,0,0,,0,0,2195,0,0
2339,PGH,0,0,0,0,0,5863,12488,0,0,22,101034,0,1000,0,0,0
2340,PGL,0,0,0,0,0,0,0,0,0,0,,12,0,0,0,0
2341,PGM,0,0,0,0,0,0,0,0,0,0,,12,0,0,0,0
2342,PGO,61.5,63,61.5,63,61.5,20693,12980,61.5,64.5,4,155426,8,11815,7752,2,1
2343,PGY,0,0,0,0,0,0,0,0,0,0,,12,0,0,0,0
2344,PH2,0,0,0,0,0,0,0,0,0,0,,0,19518,0,4,0
2345,PHL,0,0,0,0,0,0,0,0,0,0,,12,0,0,0,0
2346,PHO,0,0,0,0,0,0,0,0,0,0,,12,0,0,0,0
2347,PIA,0,0,0,0,0,0,0,0,0,0,,12,0,0,0,0
2348,PIC,123,128,122,128,122,167305,208450,122,127,28,150207,8,65744,23000,4,2
2349,PICOA,0,0,0,0,0,0,0,0,0,0,,0,0,2714136,0,3
2350,PIL,0,0,0,0,0,0,0,0,0,0,,0,0,351631,0,4
2351,PIM,0,0,0,0,0,0,0,0,0,0,,0,0,13460,0,1
2352,PIQ,0,0,0,0,0,0,0,0,98,0,,0,0,2129,0,1
2353,PIXX,0,0,0,0,0,0,0,0,506,0,,0,0,3500,0,0
2354,PKO,2,2,1.9,1.9,2,345600,6613,1.9,2,8,153036,8,46398,100000,1,1
2355,PL8,0,0,0,0,0,0,0,122,0,0,,0,4000,0,1,0
2356,PLG,0,0,0,0,0,60000,2220,3.7,4,4,100820,0,115135,10000,0,0
2357,PLL,0,0,0,0,0,0,0,0,0,0,,0,4955,0,3,0
2358,PLS,0,0,0,289,0,1565968,4547059,288,0,427,101105,0,123814,0,17,0
2359,PLSJOB,0,0,0,0,0,0,0,0,0,0,,0,0,0,0,0
2360,PLSKOD,0,0,0,0,0,0,0,0,0,0,,0,0,0,0,0
2361,PLT,0,0,71.7,71.7,0,27354,19918,0,0,7,100828,0,0,11309,0,0
2362,PLUS,1640,1641,1636,1639,1637,18404,301183,1605,0,20,154036,8,580,0,1,0
2363,PLY,0,0,0,0,0,0,0,0,0,0,,0,0,13892,0,7
2364,PMC,0,0,128,128,0,76743,98489,0,129,13,100903,0,13957,15147,3,3
2365,PME,0,0,0,0,0,0,0,0,0,0,,0,40,314,3,9
2366,PMGOLD,0,0,0,0,0,0,0,0,0,0,,0,10000,0,1,0
2367,PMV,0,0,0,2228,0,5677,126326,2225,2230,183,101107,0,42,75,2,0
2368,PNC,0,0,0,0,0,0,0,0,0,0,,12,0,0,0,0
2369,PNI,0,0,0,0,0,0,0,0,801,0,,0,480,70,7,2
2370,PNM,0,0,0,0,0,0,0,0,7.5,0,,0,0,190000,0,0
2371,PNN,0,0,0,0,0,0,0,0,48,0,,0,0,8462,0,1
2372,PNR,0,0,0,0,0,0,0,0,0,0,,0,33665,0,1,0
2373,PNT,23.5,23.5,21.5,22,23.5,24468,5373,21,22.5,5,142929,8,50000,25000,1,1
2374,PNV,0,0,0,0,0,0,0,0,0,0,,0,7651,0,9,0
2375,PNX,0,0,0,0,0,0,0,0,0,0,,0,54676204,0,34,0
2376,PO3,27.5,27.5,27.5,27.5,27,15500,4263,30,35,4,103816,4,1282,1672,1,1
2377,POD,38,38,36.5,38,38,317651,120351,36.5,38,23,161049,8,16574,14406,1,1
2378,POS,0,0,0,0,0,0,0,0,0,0,,0,0,553220,0,5
2379,POU,1710,1710,1710,1710,1705,112,1915,1661,0,1,114430,4,102,0,1,0
2380,POW,0.8,0.8,0.8,0.8,0.8,200000,1600,0.8,0.9,3,153343,8,791711,4763203,1,13
2381,PPC,0,0,0,0,0,0,0,92,0,0,,0,5000,0,0,0
2382,PPCHB,10020,10020,10000,10000,10020,794,79448,10000,10170,3,155512,8,216,133,1,1
2383,PPE,0,0,0,0,0,0,0,325,330,0,,0,3689,1000,0,0
2384,PPG,0,0,0,0,0,0,0,0,102.5,0,,0,0,1800,0,0
2385,PPH,0,0,0,0,0,0,0,0,0,0,,0,0,10747,0,7
2386,PPK,0,0,0,0,0,0,0,0,0,0,,0,514,0,2,0
2387,PPL,5,5,4.8,4.8,5,379061,18380,4.8,4.9,6,154832,8,41000,18514,1,1
2388,PPM,0,0,0,0,0,0,0,181.5,183,0,,0,7180,296,0,0
2389,PPS,0,0,0,0,0,58088,34930,59.5,60,31,101057,0,15901,19631,4,3
2390,PPT,0,0,0,0,0,0,0,0,3187,0,,0,66,30,2,3
2391,PPY,5.9,5.9,5.9,5.9,5.9,147841,8723,5.9,6.5,4,100654,8,55001,10000,1,1
2392,PR1,20.5,20.5,20.5,20.5,21,15000,3075,20.5,22,1,123749,8,32507,15000,2,2
2393,PRL,0,0,8.6,8.6,0,63817,5562,8.5,0,8,101105,0,160011,0,6,0
2394,PRM,0,0,0,0,0,3515500,28124,0,0,22,100805,0,24493725,0,60,0
2395,PRMOB,0,0,0,0,0,0,0,0,0,0,,12,0,0,0,0
2396,PRN,0,0,0,0,0,0,0,0,0,0,,0,11279,0,10,0
2397,PRU,0,193.5,0,193.5,0,653475,1221011,193.5,194,260,101108,0,5615,11188,6,0
2398,PRUKOC,0,0,0,0,0,0,0,0,0,0,,0,0,0,0,0
2399,PRX,2.1,2.1,2.1,2.1,2.1,206158,4329,1.9,2.1,2,133344,8,118886,19465,2,1
2400,PSC,0,0,0,0,0,0,0,0,0,0,,0,9500,0,0,0
2401,PSI,0,0,0,0,0,0,0,0,463,0,,0,647,523,3,0
2402,PSQ,160,166,160,161.5,155,70533,113278,160.5,184,36,152143,8,3295,5230,1,1
2403,PTB,0,0,0,0,0,0,0,0,0,0,,12,0,0,0,0
2404,PTG,0,0,0,0,0,0,0,0,0,0,,12,0,0,0,0
2405,PTL,0,0,0,0,0,0,0,0,0,0,,12,0,0,0,0
2406,PTM,0,0,0,179.5,0,30869,55672,0,0,89,101106,0,472,15250,2,9
2407,PTR,0,0,0,0,0,0,0,0,0,0,,0,444760,0,9,0
2408,PTX,0,0,0,0,0,0,0,0,0,0,,0,0,49898,0,3
2409,PTXOC,9.8,10,9.5,9.5,11.5,159285,15535,9,9.7,7,153714,8,22056,50000,1,1
2410,PUA,0,0,0,0,0,0,0,0,1.5,0,,0,0,383848,0,4
2411,PUAOD,0.2,0.3,0.2,0.2,0.2,2200000,4600,0.2,0.4,5,135323,4,403334,306953,2,1
2412,PUR,0,0,0,0,0,0,0,0,0,0,,12,0,0,0,0
2413,PV1,0,0,0,0,0,63005,4876,0,0,6,100753,0,0,0,0,0
2414,PVL,8.6,8.6,8.4,8.4,8.6,653795,55587,8.4,9.4,8,155750,8,1904,170567,1,1
2415,PVS,36,36,36,36,36,13200,4752,36,38,2,135607,8,77,5000,1,1
2416,PVW,0,0,0,0,0,0,0,0,0,0,,12,0,0,0,0
2417,PWH,0,0,0,843,0,7945,67444,0,0,136,101108,0,0,0,0,0
2418,PWN,1.1,1.1,1.1,1.1,1,8755676,96312,1.1,1.2,30,154224,8,299999,9094878,2,11
2419,PWR,244,254,242,250,242,82144,203483,242,255,77,161049,8,24466,8418,2,1
2420,PX1,0,0,0,0,0,0,0,19,0,0,,0,15349,0,0,0
2421,PXA,0,0,0,0,0,0,0,0,0,0,,0,0,226,0,5
2422,PXS,0,0,0,0,0,0,0,0,0,0,,12,0,0,0,0
2423,PXX,0,0,0,0,0,0,0,0,0,0,,12,0,0,0,0
2424,PXXO,0.4,0.4,0.4,0.4,0.3,1328570,5314,0.4,0.5,4,144028,4,671430,446428,1,1
2425,PYC,7.3,7.3,6.9,7.1,7.2,460778,32677,6.5,7.1,18,161049,8,60000,144998,1,2
2426,QAL,193.5,197,193.5,197,198.5,179,347,192.5,198,3,101022,12,1000,1000,1,1
2427,QAN,0,0,0,536,0,205059,1092453,0,0,240,101057,0,9238,10220,0,0
2428,QAN4H9,5,5,5,5,28,150,750,0,0,1,130354,12,0,0,0,0
2429,QAN4J9,18,18,18,18,24.5,47,846,0,0,1,112107,12,0,0,0,0
2430,QAN8V8,7.5,7.5,7.5,7.5,0,300,2250,0,0,1,142015,12,0,0,0,0
2431,QAN9J7,10,10,10,10,0,100,1000,0,0,1,125608,12,0,0,0,0
2432,QAN9U8,0,0,0,0,0,0,0,0,0,0,,6,0,0,0,0
2433,QAN9V8,45,45,45,45,0,2,90,0,0,1,121707,12,0,0,0,0
2434,QAN9X8,10,10,10,10,16,300,3000,0,0,1,115645,12,0,0,0,0
2435,QAND89,0,0,0,0,0,0,0,0,0,0,,0,0,0,0,0
2436,QANE67,18,18,18,18,0,100,1800,0,0,1,125913,12,0,0,0,0
2437,QANEP7,10,10,10,10,0,100,1000,0,0,1,125956,12,0,0,0,0
2438,QANKOA,0,0,0,0,0,0,0,0,0,0,,0,0,0,0,0
2439,QANS29,8.5,10.5,8.5,10.5,9,780,7350,0,17,2,151024,12,0,200,0,1
2440,QAU,0,0,0,0,0,0,0,1640,1643,0,,0,42185,42000,4,3
2441,,0,0,0,0,0,0,0,0,1817,0,,0,0,500,0,1
2442,QBE,0,0,0,0,0,0,0,0,0,0,,0,3459,0,8,0
2443,QBE6U8,34,34,34,34,34,100,5200,0,0,1,114942,12,0,0,0,0
2444,QBEG57,53,53,53,53,128.5,100,5300,0,0,1,114716,12,0,0,0,0
2445,QBEK57,0,0,0,0,0,0,0,0,0,0,,6,0,0,0,0
2446,QBEKOB,475,475,475,475,490,8280,39330,0,0,2,101634,4,0,0,0,0
2447,QBELG7,6.5,6.5,6.5,6.5,0,60,390,0,0,1,111735,12,0,0,0,0
2448,QBEMW9,14.5,15,14.5,15,23,350,5175,0,0,3,135809,12,0,0,0,0
2449,QBEN19,43,43,43,43,42,2,86,0,0,1,120516,12,0,0,0,0
2450,QBEN29,0,0,0,0,0,0,0,0,0,0,,6,0,0,0,0
2451,QBEN87,82,82,82,82,0,11,902,0,0,1,110928,12,0,0,0,0
2452,QBENX7,12,12,12,12,0,300,3600,0,0,1,144106,12,0,0,0,0
2453,QBEPK7,0,0,0,0,0,100,5200,0,0,1,114942,12,0,0,0,0
2454,QBEQ59,13,13,13,13,13,200,2500,0,0,1,132925,12,0,0,0,0
2455,QBEQ79,17.5,20,17.5,20,27,33,585,0,0,2,132333,12,0,0,0,0
2456,QBEQ99,36.5,36.5,36.5,36.5,36.5,220,7530,0,0,2,132925,12,0,0,0,0
2457,QBEQA9,24,26.5,24,26.5,39,245,6155,0,0,5,112722,12,0,0,0,0
2458,QBEQE9,10.5,10.5,10.5,10.5,21,13,137,0,0,1,123437,12,0,0,0,0
2459,QEM,0,0,0,0,0,0,0,0,0,0,,0,50559,0,4,0
2460,QFE,0,0,0,0,0,0,0,0,0,0,,12,0,0,0,0
2461,QFN,0,0,0,0,0,0,0,0,0,0,,0,20750,20000,2,1
2462,QGL,0,0,0,0,0,0,0,41.5,0,0,,0,21087,889,4,2
2463,QHAL,3429,3580,3406,3408,3421,23473,804468,3270,4035,72,155617,8,30,830,1,1
2464,QHL,46,48,46,46.5,46,29677,13834,46,48,11,154131,8,32172,11498,2,2
2465,QIP,0,0,0,0,0,0,0,0,0,0,,12,0,0,0,0
2466,QLTY,0,0,0,0,0,0,0,0,1997,0,,0,0,147,0,1
2467,QMIX,2379,2379,2374,2374,2367,4488,106710,2300,3000,47,155009,8,435,819,1,1
2468,QML,24,24.5,24,24.5,24.5,110965,27073,24,24.5,3,132544,8,8047,7001,1,1
2469,QOZ,0,0,0,0,0,0,0,0,1541,0,,0,0,0,0,0
2470,QPM,0,0,0,0,0,0,0,0,0,0,,0,782073,0,0,0
2471,QPON,0,0,0,0,0,0,0,0,2560,0,,0,0,78,0,0
2472,QRE,0,0,0,0,0,0,0,0,828,0,,0,0,0,0,0
2473,QRI,0,0,0,0,0,0,0,0,0,0,,12,0,0,0,0
2474,QSML,1931,1931,1930,1930,1933,565,10906,0,2000,2,110444,8,0,454,0,1
2475,QUAL,0,0,0,0,0,0,0,0,0,0,,0,4879,42000,3,3
2476,QUB,0,0,0,0,0,0,0,0,0,0,,0,26247,34556,5,14
2477,QUBHA,0,0,0,0,0,0,0,0,0,0,,0,125,0,1,0
2478,QUS,0,0,0,0,0,0,0,3950,4160,0,,0,175,283,2,2
2479,QVE,0,0,0,0,0,0,0,0,0,0,,0,47604,0,2,0
2480,QXR,0,0,0,0,0,0,0,0,0,0,,12,0,0,0,0
2481,R3D,10,10,10,10,10,10000,1000,10,10.5,3,100654,8,134854,12510,6,1
2482,RAB,2.3,2.3,2.1,2.1,2.4,11000,245,2,4,2,140308,8,146667,4500,2,1
2483,RAC,0,0,0,173,0,3667,6365,0,174.5,11,100853,0,4003,4000,0,0
2484,RAD,0,0,0,0,0,0,0,0,20.5,0,,0,0,89800,0,0
2485,RAG,0,0,0,0,0,0,0,0,4.5,0,,0,0,50000,0,1
2486,RAGOC,2,2,2,2,1.6,200000,4000,1.9,2.1,2,154323,8,290000,865370,1,2
2487,RAN,0,0,0,0,0,0,0,0,0,0,,0,0,250000,0,2
2488,RAP,0,0,0,0,0,0,0,0,0,0,,12,0,0,0,0
2489,RARI,0,0,0,0,0,0,0,0,0,0,,0,12500,0,2,0
2490,RB6,0,0,0,0,0,0,0,0,0,0,,12,0,0,0,0
2491,RBD,1245,1245,1245,1245,1245,0,0,1000,1242,0,000000,4,4,14,1,1
2492,RBL,0,0,0,0,0,0,0,0,0,0,,0,24375,0,12,0
2493,RBTZ,0,0,0,0,0,0,0,0,966,0,,0,565,0,1,0
2494,RBX,17.5,17.5,17,17,17.5,93282,15913,17,17.5,8,134658,8,274,7367,1,1
2495,RC1,1.6,1.6,1.6,1.6,1.6,906030,14496,1.6,1.7,7,145517,8,61399,150000,1,1
2496,RCAP,182,182,181,181,181,2849,5158,165,0,2,133257,8,4500,0,1,0
2497,RCB,0,0,0,0,0,0,0,1917,2045,0,,0,30,229,0,0
2498,RCE,79,79,77.5,77.5,80,42675,33459,77.5,79,28,161049,8,840,500,1,1
2499,RCL,0,0,0,0,0,0,0,18,0,0,,0,3280,0,0,0
2500,RCP,3,3.1,3,3.1,3.1,606450,18570,3.1,3.3,14,161049,8,1745215,559979,1,3
2501,RCT,299.5,299.5,299.5,299.5,299.5,17,51,298,301,1,100719,12,20,72,1,1
2502,RCW,9.4,10,9.4,9.8,8.7,96553,9428,9.8,10.5,10,154513,4,68008,12500,3,1
2503,RD1,1.5,1.5,1.2,1.2,1.4,2000000,27580,1.2,1.5,9,161005,4,386031,98131,2,1
2504,RDG,0,0,0,0,0,253799,13198,5.1,5.2,8,101055,0,100000,188975,1,0
2505,RDM,0,0,0,0,0,0,0,0,0,0,,12,0,0,0,0
2506,RDN,1.1,1.2,1.1,1.2,1,2638227,29111,1,1.2,13,161049,8,7908013,89999,27,1
2507,RDS,0.8,0.8,0.8,0.8,0.8,610000,4880,0.7,0.8,5,104717,8,1802486,2586478,7,1
2508,RDT,0,0,0,0,0,0,0,0,0,0,,12,0,0,0,0
2509,RDV,0,0,0,0,0,0,0,2977,2996,0,,0,0,0,0,0
2510,RDY,0,0,0,0,0,0,0,289,0,0,,0,174,0,0,0
2511,REA,0,0,0,0,0,0,0,0,0,0,,0,0,41,0,2
2512,REC,0,0,0,0,0,0,0,0,28.5,0,,0,0,10000,0,0
2513,RED,0,0,0,0,0,0,0,0,0,0,,0,102191,0,8,0
2514,REE,0,0,0,0,0,0,0,0,0,0,,0,0,52540,0,2
2515,REG,0,0,0,0,0,0,0,0,0,0,,0,1640,9522,0,0
2516,REH,0,0,0,1504,0,11768,177163,1504,1505,166,101108,0,510,285,0,0
2517,REIT,1824,1824,1810,1813,1828,11359,206303,1809,2279,44,154612,8,833,75,1,1
2518,REM,19.5,19.5,17.5,17.5,19,50429,9019,18,21.5,13,152821,8,2898,2500,1,1
2519,REP,0,0,0,0,0,0,0,0,0,0,,0,0,22961,0,2
2520,REX,0,0,0,0,0,0,0,0,0,0,,12,0,0,0,0
2521,REZ,3.9,4,3.9,3.9,3.9,198766,7808,3.8,4.5,6,150139,8,120593,50000,3,1
2522,RF1,0,0,0,0,0,0,0,376,0,0,,0,1950,0,0,0
2523,RFA,5.5,5.5,5.2,5.2,5.3,514976,28287,5.2,5.5,3,114659,8,63024,190000,2,1
2524,RFF,0,0,300.5,300.5,0,6587,19839,0,0,26,101033,0,0,0,0,0
2525,RFG,0,0,0,0,0,0,0,0,0,0,,0,405838,0,2,0
2526,RFR,0,0,0,0,0,0,0,0,0,0,,0,330470,0,4,0
2527,RFT,5.3,6.4,5.2,5.4,5.3,5808007,337788,5.4,6,114,161049,8,17527,132000,1,2
2528,RFX,0,0,0,0,0,0,0,0,0,0,,0,310707,0,5,0
2529,RGB,0,0,0,0,0,0,0,1898,0,0,,0,1500,0,0,0
2530,RGL,0,0,0,0,0,0,0,0,0,0,,12,0,0,0,0
2531,RGS,4.4,4.4,4.4,4.4,4.6,25000,1100,4.3,4.6,1,102559,8,51069,15172,2,2
2532,RHC,0,0,0,0,0,30040,2339471,7788,7793,444,101109,0,82,1,2,0
2533,RHCJOA,2865,2878,2839,2848,2790,5000,142924,2857,2858,41,152542,4,1,1,1,1
2534,RHCPA,10058.9,10058.9,10000,10000,10058.9,4638,465522,10000,10055,13,155219,8,796,711,2,1
2535,RHT,8.8,8.8,8.1,8.1,8.2,630000,53208,8.2,8.5,11,154543,8,50000,150000,1,1
2536,RHY,0,0,0,0,0,0,0,0,120.5,0,,0,0,1749,0,1
2537,RIC,0,0,0,0,0,0,0,167,175,0,,0,4500,16831,0,0
2538,RIE,0,0,0,0,0,0,0,0,0,0,,0,0,0,0,1
2539,RIM,0,0,0,0,0,0,0,0.8,0,0,,0,65000,0,1,0
2540,RINC,0,0,0,0,0,0,0,902,0,0,,0,832,0,0,0
2541,RIO,0,0,0,11148,0,61177,6820595,11146,11150,999,101110,0,59,22,3,0
2542,RIO1K9,0,0,0,0,0,0,0,0,0,0,,6,0,0,0,0
2543,RIO2J8,150,150,150,150,191,58,8441,0,0,2,153519,12,0,0,0,0
2544,RIO2M8,100,100,100,100,97,4,408,0,0,1,144015,12,0,0,0,0
2545,RIO2Z9,229,229,229,229,350,100,23358,0,0,2,112440,12,0,0,0,0
2546,RIO3J9,0,0,0,0,0,0,0,0,0,0,,6,0,0,0,0
2547,RIO7U8,533,533,533,533,677,50,26650,0,0,1,113732,12,0,0,0,0
2548,RIODX9,70,70,70,70,0,3,214,0,0,1,141753,12,0,0,0,0
2549,RIODZ9,61,61,61,61,200,120,7466,0,0,6,125645,12,0,0,0,0
2550,RIOEM9,0,0,0,0,0,0,0,0,0,0,,6,0,0,0,0
2551,RIOEO9,0,0,0,0,0,0,0,0,0,0,,6,0,0,0,0
2552,RIOEU9,0,0,0,0,0,150,3060,0,0,3,142834,12,0,0,0,0
2553,RIOF57,0,0,0,0,0,225,36111,0,0,3,135909,12,0,0,0,0
2554,RIOF99,0,0,0,0,0,40,26030,0,0,1,134000,12,0,0,0,0
2555,RIOG79,61,61,61,61,61,150,15989,0,0,3,142834,12,0,0,0,0
2556,RIOG89,505,505,505,505,505,40,21910,0,0,1,134000,12,0,0,0,0
2557,RIOI47,104,104,104,104,104,40,3121,0,0,1,105202,12,0,0,0,0
2558,RIOIF9,255,255,255,255,0,4,1020,0,0,1,112007,12,0,0,0,0
2559,RIOJOB,0,0,0,0,0,0,0,0,0,0,,0,0,0,0,0
2560,RIOKOS,0,0,0,0,0,0,0,0,0,0,,0,0,0,0,0
2561,RIOKV8,50,50,50,50,150,4,204,0,0,1,102809,12,0,0,0,0
2562,RIOLT9,68,68,68,68,0,15,1040,0,0,1,120026,12,0,0,0,0
2563,RIOM87,2630,2630,2630,2630,3040,5,13413,0,0,1,130027,12,0,0,0,0
2564,RIOMG7,2450,2450,2450,2450,2760,5,12495,0,0,1,105808,12,0,0,0,0
2565,RIOQ59,330,330,330,330,0,10,3366,0,0,1,140945,12,0,0,0,0
2566,RIOQQ9,545,545,545,545,0,23,12786,0,0,1,112127,12,0,0,0,0
2567,RIORH8,0,0,0,0,0,0,0,0,0,0,,6,0,0,0,0
2568,RIORK8,520,520,520,520,412,9,4774,0,0,1,111125,12,0,0,0,0
2569,RIORL8,0,0,0,0,0,0,0,0,0,0,,6,0,0,0,0
2570,RIORM8,0,0,0,0,0,0,0,0,0,0,,0,0,0,0,0
2571,RIORW8,0,0,0,0,0,0,0,0,0,0,,0,0,0,0,0
2572,RIORY8,0,0,0,0,0,0,0,0,0,0,,6,0,0,0,0
2573,RIOSU9,0,0,0,0,0,0,0,0,0,0,,6,0,0,0,0
2574,RIOTT8,722,722,722,722,0,100,72200,0,0,1,112356,12,0,0,0,0
2575,RIOTZ8,12,12,12,12,27.5,120,1440,0,0,1,103524,12,0,0,0,0
2576,RIOUC8,28,28,28,28,167,21,589,0,0,2,151247,12,0,0,0,0
2577,RIOUG8,0,0,0,0,0,0,0,0,0,0,,6,0,0,0,0
2578,RIOUK8,0,0,0,0,0,0,0,0,0,0,,6,0,0,0,0
2579,RIOUL8,0,0,0,0,0,0,0,0,0,0,,6,0,0,0,0
2580,RIOUZ8,0,0,0,0,0,0,0,0,0,0,,6,0,0,0,0
2581,RIOV18,0,0,0,0,0,0,0,0,0,0,,6,0,0,0,0
2582,RIOV28,0,0,0,0,0,0,0,0,0,0,,6,0,0,0,0
2583,RIOV48,0,0,0,0,0,0,0,0,0,0,,6,0,0,0,0
2584,RIOV58,490,490,490,490,0,24,11760,0,0,1,111645,12,0,0,0,0
2585,RIOV68,14,17,14,17,75,100,1460,0,0,2,112955,12,0,0,0,0
2586,RIOV88,0,0,0,0,0,0,0,0,0,0,,6,0,0,0,0
2587,RIOW28,0,0,0,0,0,0,0,0,0,0,,6,0,0,0,0
2588,RIOW78,145,145,145,145,115,40,5800,0,0,1,122019,12,0,0,0,0
2589,RIOW88,0,0,0,0,0,40,10000,0,0,1,133724,12,0,0,0,0
2590,RIOWI8,0,0,0,0,0,0,0,0,0,0,,6,0,0,0,0
2591,RIOWM8,10,10,10,10,24,8,80,0,0,1,103525,12,0,0,0,0
2592,RIOXB8,0,0,0,0,0,1,1058,0,0,1,141147,12,0,0,0,0
2593,RIOXQ8,400.5,400.5,400.5,400.5,400.5,2,933,0,0,1,141147,12,0,0,0,0
2594,RIOXZ8,250,250,250,250,241,6,1500,0,275,1,103233,12,0,1,0,1
2595,RIOY28,0,0,0,0,0,0,0,0,0,0,,6,0,0,0,0
2596,RIOY48,0,0,0,0,0,0,0,0,0,0,,6,0,0,0,0
2597,RIOYC8,0,0,0,0,0,40,36560,0,0,1,133724,12,0,0,0,0
2598,RIOYN8,513,513,513,513,0,100,51300,0,0,1,113618,12,0,0,0,0
2599,RIOYX9,780,788,780,788,818,50,39240,0,0,2,151531,12,0,0,0,0
2600,RIOZ49,522,522,522,522,0,3,1566,0,0,1,105253,12,0,0,0,0
2601,RIOZ58,68,68,68,68,68,1,9,0,0,1,140459,12,0,0,0,0
2602,RIOZ98,17,17,17,17,98,80,1360,0,0,1,103524,12,0,0,0,0
2603,RIOZJ8,317,317,317,317,0,94,29798,0,0,1,113129,12,0,0,0,0
2604,RIOZP8,365,383,365,383,280,17,6347,0,0,3,145549,12,0,0,0,0
2605,RIOZR8,0,0,0,0,0,0,0,0,0,0,,6,0,0,0,0
2606,RIOZT8,0,0,0,0,0,0,0,0,0,0,,0,0,0,0,0
2607,RKN,0,0,0,0,0,0,0,0,0,0,,12,0,0,0,0
2608,RLC,2.8,2.9,2.8,2.9,2.8,628500,18161,2.7,2.9,4,100754,12,711560,739723,7,3
2609,RLF,16,16,15,15,16,74785,11774,15,16.5,8,155104,8,202674,1298,3,1
2610,RLT,0,0,0,0,0,0,0,0,313,0,,0,0,501,0,1
2611,RMC,0,0,0,0,0,0,0,0,0,0,,0,8776,0,5,0
2612,RMD,0,0,0,0,0,16417,452451,0,0,166,101101,0,445,200,4,1
2613,RMI,0,0,0,0,0,0,0,0,0,0,,0,303090,0,3,0
2614,RML,0,0,0,0,0,0,0,0,0,0,,0,12156481,0,18,0
2615,RMS,0,0,0,0,0,169029,235299,138.5,139,129,101107,0,20209,29089,10,9
2616,RMX,0,0,0,0,0,0,0,0,0,0,,12,0,0,0,0
2617,RMY,0,0,0,0,0,0,0,0,0,0,,12,0,0,0,0
2618,RND,155,155,150,150,155,12530,18828,145,150,3,142214,8,6000,24118,1,1
2619,RNE,0,0,0,0,0,0,0,0,0,0,,12,0,0,0,0
2620,RNT,0,0,0,0,0,0,0,0,0,0,,12,0,0,0,0
2621,RNU,0,0,0,0,0,813995,191289,23.5,24,32,101105,0,135650,844240,3,11
2622,RNUOB,22.5,22.5,20.5,22.5,22.5,139356,30371,20.5,24,6,125130,8,40000,115000,1,2
2623,ROBO,0,0,0,0,0,0,0,6441,6476,0,,0,0,0,0,0
2624,ROC,0,0,0,0,0,0,0,0,0,0,,12,0,0,0,0
2625,ROG,0,0,0,0,0,0,0,0,0,0,,12,0,0,0,0
2626,RON,16.5,16.5,16.5,16.5,16.5,30000,4950,16.5,17.5,1,114433,8,3034,65216,1,1
2627,ROO,0,0,0,0,0,0,0,0,0,0,,12,0,0,0,0
2628,RPM,29,29,27.5,27.5,28,150218,42468,28,30.5,11,145351,8,12500,17041,2,2
2629,RR1,0,0,0,0,0,0,0,0,0,0,,0,17536470,0,28,0
2630,RRL,0,0,0,209.5,0,762251,1584541,0,0,202,101110,0,50672,350902,11,8
2631,RRL5V8,4,4,4,4,5.5,250,1000,0,0,1,112812,12,0,0,0,0
2632,RRLJOB,91,91,91,91,83.5,4500,4095,92,93,1,113951,4,1,1,1,1
2633,RRLJOC,110,110,110,110,97,1000,1100,112,113,1,101050,4,1,1,1,1
2634,RRLKOB,73.5,78.5,73,78.5,65,53158,39656,0,0,8,143253,4,0,0,0,0
2635,RRLKOP,117,119,117,119,130,54054,63824,115.5,116.5,3,120710,4,1,1,0,1
2636,RRLUP8,5,5,5,5,8,1,5,0,0,1,120530,12,0,0,0,0
2637,RRLUU8,5,5,4.5,4.5,3.5,106,529,0,6,3,153550,12,0,3,0,1
2638,RRLUW8,0,0,0,0,0,0,0,0,0,0,,6,0,0,0,0
2639,RRLVI9,5.5,5.5,5.5,5.5,7.5,30,165,0,0,1,124608,12,0,0,0,0
2640,RRLVT9,10.5,10.5,10.5,10.5,6.5,50,525,0,0,1,142955,12,0,0,0,0
2641,RRLWH9,4.5,4.5,4.5,4.5,2,400,1800,0,0,1,125733,12,0,0,0,0
2642,RRLYT9,13,14,13,14,0,70,930,0,0,2,143051,12,0,0,0,0
2643,RRLYV9,10.5,10.5,10.5,10.5,6,100,1050,0,0,1,142110,12,0,0,0,0
2644,RRR,0,0,0,0,0,0,0,0,0,0,,12,0,0,0,0
2645,RSG,0,0,0,0,0,0,0,0,0,0,,0,211984,308520,12,10
2646,RSGKOC,13,13,12,12,10,111546,13426,11.5,12.5,4,143321,4,1,1,1,1
2647,RSH,3.6,3.9,3.6,3.8,3.7,804556,30836,3.7,3.9,15,154250,8,68922,350000,1,1
2648,RSM,0,0,0,0,0,0,0,1702,0,0,,0,50,0,0,0
2649,RTG,8,8,8,8,7.9,1000,80,8,8.5,1,102212,8,500,37000,1,2
2650,RTH,52.5,52.5,48,48,53,37000,18255,45,51,22,155312,8,10000,12000,1,1
2651,RTR,0,0,0,0,0,0,0,0,0,0,,0,72658,0,2,0
2652,RUL,0,0,0,0,0,0,0,0,0,0,,12,0,0,0,0
2653,RVR,0,0,0,0,0,0,0,0,0,0,,0,0,232029,0,4
2654,RVS,46.5,46.5,38.5,39,46,320329,135300,39,41,61,161049,8,1438,6682,1,1
2655,RWC,0,0,0,0,0,0,0,0,0,0,,0,7984,8503,12,5
2656,RWCJOA,126,126,126,126,145,2000,2520,0,0,1,101703,4,0,0,0,0
2657,RWL,109.5,109.5,109.5,109.5,106,1000,1095,102,110,1,111432,8,9803,6687,1,1
2658,RXL,0,33,0,33,0,34030,11075,0,0,6,100838,0,0,5917,0,0
2659,RXM,0,0,0,0,0,0,0,0,0,0,,0,40746,0,3,0
2660,RZI,0,0,86,86,0,4489,3884,0,0,9,101018,0,6119,0,0,0
2661,S2R,0,0,0,0,0,0,0,0,0,0,,0,0,67396,0,0
2662,S32,0,0,0,0,0,0,0,0,0,0,,0,44597,0,24,0
2663,S324Z7,76,76,76,76,78,900,68400,0,0,2,134057,12,0,0,0,0
2664,S325X9,15,15,15,15,20.5,64,960,0,0,1,124033,12,0,0,0,0
2665,S32CR8,0,0,0,0,0,0,0,0,0,0,,0,0,0,0,0
2666,S32IT8,0,0,0,0,0,0,0,0,0,0,,6,0,0,0,0
2667,S32IV8,9,9,7,7.5,6,690,5280,0,0,4,142545,12,0,0,0,0
2668,S32ML8,43.5,43.5,43.5,43.5,33,800,34800,0,0,1,114521,12,0,0,0,0
2669,S32MQ8,26,26,26,26,0,50,1300,0,0,1,144742,12,0,0,0,0
2670,S32T37,5,6.5,5,6.5,0,125,775,0,0,2,114226,12,0,0,0,0
2671,S32X78,16.5,17.5,16.5,17.5,16,1604,27710,0,0,2,114150,12,0,0,0,0
2672,S32XB7,8,8,8,8,5,50,400,0,0,1,114157,12,0,0,0,0
2673,S32XD7,3.5,3.5,3.5,3.5,0,30,105,0,0,1,112900,12,0,0,0,0
2674,S32XQ8,23.5,23.5,23.5,23.5,0,300,7050,0,0,1,113322,12,0,0,0,0
2675,S32YM7,50,50,50,50,0,50,2500,0,0,1,143210,12,0,0,0,0
2676,SAU,4.1,4.1,4.1,4.1,4.3,30800,1263,3.7,4.1,2,135557,8,67567,3495,1,1
2677,SB2,72,72,72,72,72,3083,2220,72,76,1,144822,8,12333,5462,2,1
2678,SBM,0,0,0,126,0,145565,183410,126,126.5,110,101107,0,24765,18967,10,5
2679,SBR,0.5,0.5,0.5,0.5,0.5,150000,750,0.4,0.5,1,100913,12,73208856,28448720,133,21
2680,SBROB,0.2,0.2,0.2,0.2,0.1,17053962,34108,0.2,0.3,10,161049,8,78062,35303081,1,9
2681,SCG,0,0,0,286.5,0,194650,560198,0,0,154,101102,0,134973,24135,23,13
2682,SCGE68,4.5,4.5,4.5,4.5,13,74,333,0,0,1,134750,12,0,0,0,0
2683,SCN,0,0,0,0,0,0,0,0,0,0,,0,124949,0,2,0
2684,SCP,0,0,0,0,0,0,0,0,0,0,,0,0,6795,0,6
2685,SCT,3.2,3.2,3.2,3.2,3.3,6671,213,3,3.2,2,100913,12,37633,14999,1,1
2686,SDF,0,0,0,0,0,0,0,0,508,0,,0,5140,5940,3,2
2687,SDG,270,272,270,270,270,8051,21765,270,273,12,161049,8,7999,2000,1,1
2688,SDI,84,85,84,85,84,77710,65852,79,85,8,141521,8,3797,16920,1,1
2689,SDR,0,0,0,493,0,6748,33365,0,0,96,101105,0,0,1193,0,0
2690,SDV,25,25,24.5,25,25,74942,18521,24.5,25.5,5,150611,8,7143,5555,1,1
2691,SE1,0,0,0,0,0,0,0,0,1.8,0,,0,0,90555,0,2
2692,SEC,217,220,210,210,212,87997,188596,210,215,48,161049,8,31619,222,1,1
2693,SEK,0,0,0,0,0,11655,280887,2401,0,208,101109,0,379,120,3,4
2694,SEKBY9,35,35,35,35,47,10,350,0,37,1,113038,12,0,10,0,1
2695,SEKKOB,0,0,0,0,0,0,0,0,0,0,,0,0,0,0,0
2696,SEKRR9,90,90,90,90,0,1,90,0,0,1,120614,12,0,0,0,0
2697,SEMI,0,0,0,0,0,0,0,0,880,0,,0,0,106,0,0
2698,SEN,3.6,3.6,3.6,3.6,3.5,194680,7008,3.5,3.6,1,101034,12,380766,5320,2,1
2699,SER,0,0,0,0,0,0,0,2.2,2.5,0,,0,323000,320753,2,1
2700,SES,16,16,15.5,15.5,17.5,430826,68188,15.5,16,23,161049,8,21343,15000,3,1
2701,SFC,1906,1906,1757,1785,1900,60194,1086344,1785,1910,46,161049,8,244,2150,1,1
2702,SFG,1.6,1.6,1.6,1.6,1.6,265362,4246,1.5,1.6,5,100913,12,2816462,5494327,15,1
2703,SFR,0,0,0,0,0,62115,338090,0,0,117,101045,0,3968,980,0,8
2704,SFRKOA,196,198,196,198,173.5,3500,6910,199,200,2,153814,4,1,1,1,1
2705,SFRKOB,172.5,175.5,172,172.5,166,10000,17350,182,183,6,101423,4,1,1,1,1
2706,SFX,54.5,54.5,54.5,54.5,54.5,329,179,52,54.5,1,100913,12,1170,44487,1,2
2707,SFY,0,0,0,0,0,0,0,6478,0,0,,0,0,0,0,0
2708,SGC,2,2.3,2,2.2,2,1878521,41901,2.2,2.3,24,150857,8,3942,206080,1,2
2709,SGF,0,0,0,0,0,0,0,0,0,0,,0,0,621,0,3
2710,SGH,60,60,60,60,60,699,419,61,62,2,142750,4,2000,72,1,1
2711,SGI,0,0,0,0,0,0,0,10.5,0,0,,0,6500,0,0,0
2712,SGLLV,0,0,0,0,0,145,1001,685,692,3,101028,0,3193,0,2,0
2713,SGM,0,0,0,0,0,21849,393207,0,0,289,101110,0,73,11,0,2
2714,SGM4V7,251,251,251,251,0,5,1255,0,0,1,115525,12,0,0,0,0
2715,SGMKOP,944,944,944,944,700,100,944,951,952,1,111410,4,1,1,1,1
2716,SGMSW9,23,23,23,23,102,10,230,0,0,1,134000,12,0,0,0,0
2717,SGP,0,0,0,0,0,0,0,0,0,0,,0,118583,18900,7,12
2718,SGPB18,4.5,4.5,4.5,4.5,0,480,2160,0,0,2,110806,12,0,0,0,0
2719,SGPC98,0,0,0,0,0,0,0,0,0,0,,6,0,0,0,0
2720,SGPNM8,7,7,7,7,0,34,238,0,0,1,110504,12,0,0,0,0
2721,SGPRG7,7.5,7.5,7,7,64,1035,7263,0,0,2,151233,12,0,0,0,0
2722,SGQ,0,0,0,0,0,0,0,0,0,0,,0,246368,0,3,0
2723,SGR,0,0,0,305,0,23928,72849,0,305,104,101109,0,14136,3821,13,5
2724,SGRP17,4,4,4,4,0,100,400,0,0,1,133933,12,0,0,0,0
2725,SGRPV7,11.5,11.5,11.5,11.5,0,100,1150,0,0,1,121905,12,0,0,0,0
2726,SHE,1.8,1.8,1.8,1.8,0,25000,450,1.8,1.9,4,,12,889039,190000,4,1
2727,SHG,0,0,0,0,0,0,0,14.5,0,0,,0,35760,0,3,0
2728,SHH,0,0,0.9,0.9,0,2483058,23935,0,0,6,100923,0,10425886,0,0,0
2729,SHJ,0,0,0,0,0,0,0,0,110,0,,0,0,3163,0,0
2730,SHL,0,0,0,0,0,0,0,0,0,0,,0,222,0,4,0
2731,SHLVQ8,0,0,0,0,0,0,0,0,0,0,,6,0,0,0,0
2732,SHLVS8,0,0,0,0,0,0,0,46.5,58.5,0,,0,0,0,0,0
2733,SHLVX8,68,68,68,68,80,110,7430,0,0,2,135521,12,0,0,0,0
2734,SHLVZ8,52,52,52,52,99,100,5200,0,0,1,133304,12,0,0,0,0
2735,SHLW28,33,33,32,32,35,118,3884,0,0,3,144227,12,0,0,0,0
2736,SHLW48,20.5,20.5,20.5,20.5,615,263,5392,0,0,3,144213,12,0,0,0,0
2737,SHLW68,12,12,12,12,0,11,132,0,0,1,105141,12,0,0,0,0
2738,SHLXU9,0,0,0,0,0,0,0,0,0,0,,6,0,0,0,0
2739,SHM,0,0,0,0,0,0,0,0,87.5,0,,0,0,21762,0,2
2740,SHN,3.8,3.8,3.3,3.3,3.8,593768,20560,3.3,3.8,14,161049,8,166212,119567,2,2
2741,SHP,0,0,0,0,0,0,0,0,0,0,,0,235804,0,4,0
2742,SHV,0,0,0,0,0,0,0,0,0,0,,0,107,245,0,4
2743,SI6,0,0,0,0,0,0,0,0,1,0,,0,0,8029037,0,17
2744,SIG,0,0,0,0,0,0,0,0,0,0,,0,0,155213,0,3
2745,SIQ,0,847,0,847,0,8973,75825,0,0,53,101106,0,0,1693,0,6
2746,SIS,1.1,1.1,1.1,1.1,1.2,30000,330,1.1,1.2,1,100913,12,152545,751000,1,2
2747,SIT,0.4,0.4,0.4,0.4,0.4,752947,3012,0.3,0.5,3,110645,8,6350249,407299,5,2
2748,SIX,6.1,6.1,6,6,6,116699,7002,4.1,6.3,2,153005,8,6000,103334,1,1
2749,SKC,0,0,0,0,0,0,0,0,0,0,,0,9556,0,4,0
2750,SKF,6.6,6.6,6.5,6.5,6.5,11714,764,5.8,6.5,2,130223,8,200000,28286,1,1
2751,SKN,3,3,2.8,2.8,3.1,676123,19350,2.8,3,18,153152,8,129,190000,1,3
2752,SKO,374,374,358,369,378,13088,47855,357,369,24,161049,8,150,5997,1,1
2753,SKS,15,15,15,15,15,5000,750,12,15,1,100850,8,40000,83799,1,2
2754,SKT,0,0,0,0,0,0,0,0,0,0,,0,574,0,1,0
2755,SKY,8,8.3,8,8,8.3,308106,24806,8,8.3,8,151125,8,47284,100000,1,1
2756,SLA,256,262,256,261,255,62005,160475,260,265,38,161049,8,9500,4320,1,1
2757,SLB,21.5,21.5,21,21,21,147523,31193,20,22.5,11,152935,8,17404,12985,3,2
2758,SLC,0,79.5,0,79.5,0,98320,77533,0,0,45,,0,21404,1174,6,2
2759,SLF,0,0,0,0,0,0,0,1199,1203,0,,0,6001,0,3,0
2760,SLH,0,0,0,0,0,503,1167,0,0,3,101019,0,1185,0,0,0
2761,SLM,11,11,11,11,11.5,170661,18773,11,12.5,5,152536,8,53815,52442,1,1
2762,SLR,0,0,0,160.5,0,282132,451796,0,0,133,101106,0,31427,1660,13,2
2763,SLRJOA,66,66,66,66,65,1500,990,64.5,65.5,1,101216,4,1,1,1,1
2764,SLS,20.5,21,20.5,21,20,5108732,1022334,20.5,21,10,161049,8,15287,49510,1,2
2765,SLX,0,0,0,0,0,0,0,0,129.5,0,,0,0,3188,0,3
2766,SLZ,14.7,16,14.7,15.5,14.5,1004177,155046,15,15.5,13,145316,4,13300,12659,1,2
2767,SM1,0,0,0,0,0,0,0,0,0,0,,0,0,1413,0,2
2768,SMI,0,0,0,0,0,0,0,92,92.5,0,,0,13,12788,1,1
2769,SMLL,0,0,0,0,0,0,0,0,401,0,,0,0,33300,0,0
2770,SMN,55,55,51,54,55,100759,54338,53.5,55.5,21,152958,8,5000,5000,1,1
2771,SMP,62,62,61.5,61.5,62,19827,12243,60,64.5,8,144007,8,1000,10000,1,1
2772,SMR,0,0,0,0,0,0,0,0,0,0,,0,18249,833,0,0
2773,SNAS,0,0,0,0,0,0,0,0,555,0,,0,300000,0,2,0
2774,SNC,0,0,0,0,0,63078,52492,0,0,9,101108,0,252,0,1,0
2775,SND,109.5,109.5,109.5,109.5,109.5,3,3,109.5,110,2,100913,12,320,54727,1,3
2776,SNG,39,40.5,39,40,36,171743,68349,40,41.5,31,155722,8,383,20000,1,1
2777,SNL,904,927,902,902,900,3413,31342,902,960,7,155243,8,900,1000,1,1
2778,SNZ,0,0,0,0,0,0,0,975,0,0,,0,0,0,0,0
2779,SOL,0,0,0,2575,0,8581,221330,0,2575,166,101059,0,163,71,3,4
2780,SOM,151,154,146.5,147,151,8368,12603,147,151.5,27,161049,8,1490,2322,1,1
2781,SOR,0,0,0,0,0,0,0,0,0,0,,0,0,97527,0,5
2782,SOV,34,34,34,34,34,2500,850,32,34,2,100913,12,1860,8283,1,1
2783,SPA,0,0,0,0,0,0,0,0,7.5,0,,0,0,65708,0,0
2784,SPFKOA,901,901,901,901,380,1500,13515,896,897,1,143723,4,25000,25000,1,1
2785,SPFKOP,723,723,723,723,714,600,4338,698,699,1,100346,4,25000,25000,1,1
2786,SPFKOQ,0,0,0,0,0,0,0,0,0,0,,0,0,0,0,0
2787,SPFKOR,229,229,229,229,279,37758,86466,0,0,2,154208,3,0,0,0,0
2788,SPFMOH,0,0,0,0,0,0,0,0,0,0,,0,0,0,0,0
2789,SPK,0,0,0,0,0,0,0,0,0,0,,0,0,51451,0,6
2790,SPL,0,0,0,0,0,0,0,0,0,0,,0,4900,0,2,0
2791,SPN,83,83,83,83,83,1812,1504,80.5,83,2,100913,12,5000,680,1,1
2792,SPQ,0,3.6,0,3.6,0,541978,19191,0,0,5,101107,0,654625,29723,3,0
2793,SPT,0,0,0,0,0,0,0,27.5,28.5,0,,0,178519,35100,2,0
2794,SPX,0,0,0,0,0,0,0,0,0,0,,0,320000,0,2,0
2795,SPXO,0.6,0.6,0.6,0.6,0.6,50000,300,0.5,0.6,1,123457,4,1331974,103167,3,1
2796,SPY,0,0,0,0,0,0,0,55593,55638,0,,0,0,0,0,0
2797,SPZ,16,16,16,16,16,1282,205,16,16.5,1,100850,8,67718,64999,3,1
2798,SQ2,0,0,0,10871,0,12439,1351105,10866,10876,157,,0,15,80,0,0
2799,SRG,0,0,0,0,0,0,0,0,62.5,0,,0,0,3500,0,0
2800,SRI,3.9,3.9,3.9,3.9,3.9,200000,7800,3.9,4,1,101337,8,20852,4250,1,1
2801,SRK,18.5,18.5,18,18,18.2,372833,67305,18,18.5,17,155308,8,2617,295496,1,4
2802,SRL,308,308,308,308,307,2872,8846,307,308,8,100913,12,4330,128,1,1
2803,SRN,0,0,0,0,0,0,0,0,0,0,,0,556250,0,3,0
2804,SRNOC,2.7,2.7,2.4,2.5,2.5,1373544,34728,2.5,2.7,6,145113,8,20000,23915,1,1
2805,SRR,17,18.5,17,18,17,103505,18371,17.5,19,8,150012,8,22327,25000,1,1
2806,SRV,0,0,0,0,0,0,0,0,0,0,,0,4344,849,0,0
2807,SRZ,2.3,2.3,2.3,2.3,2.3,42000,966,2.3,2.4,3,150524,8,56811,417897,1,4
2808,SSG,0,0,0,0,0,0,0,0,0,0,,0,0,8067,0,3
2809,SSM,0,0,0,0,0,0,0,0,0,0,,0,0,9310,0,6
2810,SSO,0,0,0,0,0,0,0,1539,0,0,,0,1715,0,2,0
2811,SSR,0,0,0,0,0,0,0,0,3020,0,,0,0,1000,0,0
2812,SST,1160,1200,1160,1200,1110,2183,25847,1160,0,4,152106,4,1877,0,1,0
2813,ST1,5.3,5.3,5.3,5.3,5.2,3602,191,5.3,5.6,2,100913,12,166398,118727,2,3
2814,STA,0,0,0,0,0,0,0,0,0,0,,0,0,92750,0,3
2815,STG,0,0,0,0,0,0,0,0,112,0,,0,0,4400,0,0
2816,STK,0,0,0,0,0,0,0,0,0,0,,0,0,251194,0,2
2817,STKOA,4.1,4.2,4.1,4.2,3.2,384933,16067,4.2,5,3,145516,4,15067,111164,1,2
2818,STM,0,0,0,0,0,0,0,0,0,0,,0,223876,187998,0,3
2819,STN,41,41,40,40,40,26921,10768,36,40,3,105329,8,49310,20087,3,1
2820,STO,0,0,0,0,0,543684,4506815,0,824,601,101108,0,10486,18,12,1
2821,STO1H7,0,0,0,0,0,429,41546,0,0,21,152319,12,0,0,0,0
2822,STO5Q9,26,26,26,26,35,15,390,0,0,1,105455,12,0,0,0,0
2823,STO5V9,0,0,0,0,0,0,0,0,0,0,,6,0,0,0,0
2824,STO7K7,13,13,13,13,17,600,7800,0,0,2,115421,12,0,0,0,0
2825,STO7N7,14,14,14,14,23,685,9590,0,0,1,111839,12,0,0,0,0
2826,STO7N9,0,0,0,0,0,0,0,0,0,0,,6,0,0,0,0
2827,STO7Q9,0,0,0,0,0,0,0,0,0,0,,0,0,0,0,0
2828,STO7U9,0,0,0,0,0,0,0,0,0,0,,6,0,0,0,0
2829,STO7V9,0,0,0,0,0,0,0,0,0,0,,6,0,0,0,0
2830,STO8Z8,6,6,6,6,21,200,1200,0,0,1,121435,12,0,0,0,0
2831,STO9F8,17,17,15.5,15.5,0,170,2665,0,0,2,123037,12,0,0,0,0
2832,STO9G8,10.5,13,10.5,13,10,673,8567,0,0,5,150521,12,0,0,0,0
2833,STO9H8,0,0,0,0,0,0,0,0,0,0,,6,0,0,0,0
2834,STOBL8,47,47,47,47,58,20,940,0,0,1,125755,12,0,0,0,0
2835,STOGL7,0,0,0,0,0,0,0,0,0,0,,6,0,0,0,0
2836,STOJOB,0,0,0,0,0,0,0,0,0,0,,0,0,0,0,0
2837,STOKOG,497,497,497,497,514,97,482,503,504,1,132027,4,1,1,1,1
2838,STOLQ8,23,23,23,23,0,685,15755,0,0,1,111731,12,0,0,0,0
2839,STOML7,41.5,41.5,41.5,41.5,35.5,300,12450,0,0,2,154806,12,0,0,0,0
2840,STOMM7,38,38,38,38,41,15,570,0,0,1,105257,12,0,0,0,0
2841,STOMO7,31,31,31,31,43,64,1984,0,0,1,101939,12,0,0,0,0
2842,STOMQ7,0,0,0,0,0,0,0,0,0,0,,6,0,0,0,0
2843,STOSV8,18.5,18.5,18.5,18.5,31.5,20,370,0,0,1,132455,12,0,0,0,0
2844,STOTJ8,0,0,0,0,0,0,0,0,0,0,,6,0,0,0,0
2845,STOTL8,10,11.5,10,11.5,10,150,1560,0,0,2,114909,12,0,0,0,0
2846,STOTN8,0,0,0,0,0,0,0,0,0,0,,6,0,0,0,0
2847,STOTO8,0,0,0,0,0,0,0,0,0,0,,0,0,0,0,0
2848,STOTP8,55,55,55,55,0,20,1100,0,0,1,102811,12,0,0,0,0
2849,STOTQ8,4.5,4.5,4.5,4.5,10,650,2925,0,0,3,155825,12,0,0,0,0
2850,STP,30,30,30,30,30,4500,1350,29.5,31,2,100913,12,100000,100000,1,1
2851,STW,0,0,0,0,0,0,0,6663,6668,0,,0,0,0,0,0
2852,STWTT8,110,110,110,110,125,10,1100,0,0,1,144159,12,0,0,0,0
2853,STWTV8,67,67,67,67,70,8,536,0,0,1,130309,12,0,0,0,0
2854,STWV58,200,200,200,200,300,15,3000,0,0,1,110252,12,0,0,0,0
2855,STX,0,0,0,0,0,0,0,0,0,0,,0,241577,0,7,0
2856,SUBD,2467,2468,2460,2467,2466,13922,342865,0,0,20,154802,8,0,0,0,0
2857,SUH,2.4,2.4,2.4,2.4,2.4,850000,20400,2.3,2.4,4,150007,8,200000,150000,1,1
2858,SUHO,0.5,0.5,0.5,0.5,0.5,400000,2000,0.5,0.8,1,113745,4,1019082,458334,2,2
2859,SUL,0,0,0,0,0,0,0,0,0,0,,0,7273,2487,5,13
2860,SUN,0,0,0,0,0,97655,1192658,0,0,244,101103,0,817,3023,6,16
2861,SUNJE9,50.5,50.5,50.5,50.5,32,450,22725,0,0,2,115117,12,0,0,0,0
2862,SUNKG9,48,48,48,48,0,10,480,0,0,1,104247,12,0,0,0,0
2863,SUNKN9,15,15,15,15,12,40,600,0,0,1,140335,12,0,0,0,0
2864,SUNKP9,10,10,10,10,0,1968,19680,0,0,2,150440,12,0,0,0,0
2865,SUNNT9,67,67,67,67,0,25,1675,0,0,1,114954,12,0,0,0,0
2866,SUNPF,10025,10030,10025,10030,10030,6260,627814,10030,10049,23,155348,8,1217,425,2,2
2867,SUNPG,10249,10249,10249,10249,10276,73,7482,10249,10250,1,101053,12,27,500,1,1
2868,SUNPH,10089,10090,10059,10089,10098,2363,238203,10059,10090,21,153559,8,240,33,1,1
2869,SUNPI,0,0,0,0,0,0,0,0,10084,0,,0,0,417,0,0
2870,SUNVB8,116.5,116.5,116.5,116.5,0,10,1165,0,0,1,115122,12,0,0,0,0
2871,SUNVT7,0.8,0.8,0.8,0.8,10,48,38,0,0,1,121400,12,0,0,0,0
2872,SUNWG7,0,0,0,0,0,0,0,0,0,0,,6,0,0,0,0
2873,SUV,0,0,0,0,0,0,0,6.4,0,0,,0,75254,0,2,0
2874,SVL,0,0,0,0,0,0,0,0,0,0,,0,0,1747309,0,0
2875,SVM,0,0,0,0,0,0,0,0,0,0,,0,0,236478,0,3
2876,SVW,0,0,0,0,0,8936,164190,0,0,279,101105,0,40,107,3,4
2877,SVY,36,36,34.5,35,36,64288,22700,35,36,15,134813,8,11597,21000,2,1
2878,SW1,2,2,1.7,1.8,1.7,314889,5786,1.8,2.1,7,141645,4,350000,446099,2,3
2879,SWF,18.5,18.5,18.5,18.5,18.5,3000,555,18.5,19,1,101005,12,9769,16297,2,3
2880,SWM,0,0,0,0,0,0,0,0,0,0,,0,150021,0,0,0
2881,SWP,0,0,0,0,0,0,0,58,60,0,,0,50000,5000,0,0
2882,SWTZ,0,0,0,0,0,0,0,264,0,0,,0,0,0,0,0
2883,SXE,60.5,60.5,59.5,59.5,60,250321,150464,59.5,61,33,161049,8,21042,24900,2,1
2884,SXG,0,0,19,19,0,9238,1785,0,0,3,101105,0,27225,0,0,0
2885,SXL,0,0,0,0,0,0,0,0,0,0,,0,6213,0,8,0
2886,SYA,0,0,0,0,0,0,0,0,0,0,,0,9930078,1529484,269,6
2887,SYAOC,22,22,19,19,21,734158,148078,17.5,19,31,161049,8,30000,99800,1,1
2888,SYI,0,0,0,0,0,0,0,3081,0,0,,0,0,0,0,0
2889,SYM,0,0,0,0,0,0,0,0,0,0,,0,0,857,0,4
2890,SYR,0,0,0,182.2,0,100735,184022,181.5,0,122,101101,0,10169,0,4,0
2891,SZL,0,0,0,0,0,0,0,0,0,0,,0,2212,0,2,0
2892,T3K,18.5,19,17.5,19,19.5,119956,22327,19,19.5,10,143026,4,19363,47999,1,1
2893,TAH,0,0,0,0,0,0,0,0,0,0,,0,441402,202507,36,0
2894,TAHKOB,202,202,202,202,166.5,30000,60600,206,207,1,142240,4,1,1,1,1
2895,TAHXQ8,16,16,16,16,15,30,480,0,0,1,140521,12,0,0,0,0
2896,TAM,5.7,5.7,5.2,5.4,5.7,50718,2752,5.2,5.4,8,161005,4,61489,36777,2,1
2897,TAR,2.2,2.2,2.2,2.2,2.1,158849,3495,2,2.4,5,120417,8,1449750,76422,3,1
2898,TAS,1.6,1.6,1.5,1.5,1.6,1221212,18348,1.5,1.7,11,161049,8,2167481,300000,5,1
2899,TASOE,0.3,0.3,0.3,0.3,0.1,1000000,3000,0.2,0.5,3,153646,8,2200000,1136615,2,1
2900,TBA,0,0,0,0,0,0,0,0,6,0,,0,196934,70000,4,1
2901,TBN,0,0,0,0,0,0,0,0,26,0,,0,0,10000,0,0
2902,TCF,572,572,572,572,570,1475,8437,570,572,3,133314,4,1182,1436,1,1
2903,TCG,9,9,9,9,9,3,0,8.8,9,1,100850,8,10000,149997,1,1
2904,TCL,0,0,0,1442,0,127671,1845398,0,0,235,101057,0,1249,0,7,0
2905,TCLCR9,25.5,25.5,25.5,25.5,21.5,10,255,0,0,1,141548,12,0,0,0,0
2906,TCLKOA,309,309,309,309,0,480,1483,304,305,1,142936,4,1,1,1,1
2907,TCLLG8,19.5,19.5,19.5,19.5,31.5,30,585,0,0,1,103019,12,0,0,0,0
2908,TCLLJ8,23,26,21,26,22,267,6201,0,0,9,124414,12,0,0,0,0
2909,TCLMO9,22,22,22,22,0,27,594,0,0,1,132252,12,0,0,0,0
2910,TCLPT9,30,30,30,30,0,106,3180,0,0,1,102459,12,0,0,0,0
2911,TCLRH8,0,0,0,0,0,0,0,0,0,0,,6,0,0,0,0
2912,TCLRJ8,22,25,22,25,0,898,20695,0,0,8,124416,12,0,0,0,0
2913,TCLTK9,28,28,28,28,34,3500,98000,0,0,2,112442,12,0,0,0,0
2914,TCLVR7,34,34,34,34,32,4,136,0,41,1,120849,12,0,51,0,1
2915,TCLVT7,0,0,0,0,0,0,0,0,0,0,,6,0,0,0,0
2916,TD1,0.6,0.6,0.6,0.6,0.6,1150000,6900,0.6,0.7,11,144713,8,7608134,1761142,15,1
2917,TECH,0,0,0,0,0,0,0,7915,0,0,,0,0,0,0,0
2918,TEE,26.5,26.5,26.5,26.5,25.5,18860,4998,25.5,26.5,3,100913,12,11500,31166,1,2
2919,TEG,0,0,0,0,0,0,0,0,0,0,,0,0,5774262,0,11
2920,TEGO,0.2,0.2,0.2,0.2,0.2,325000,650,0.2,0.3,2,141111,8,10493182,12351887,3,5
2921,TEK,0,0,0,0,0,0,0,0,0,0,,0,1696,71254,0,5
2922,TEM,0,0,0,0,0,0,0,0,0,0,,0,200000,0,2,0
2923,TEMO,3.1,3.1,2.7,2.7,3,832177,23749,2.7,2.9,17,154703,8,66234,250000,1,1
2924,TER,0,0,0,0,0,0,0,0,0,0,,0,25009,0,5,0
2925,TFL,6.8,6.8,6.8,6.8,6.4,100000,6800,6.3,6.9,2,133946,8,50000,61834,1,1
2926,TG1,16,17,15.5,15.5,15.5,332701,53955,15.5,17.5,24,161049,8,199999,45788,1,2
2927,TGA,24.5,24.5,24.5,24.5,24.5,90,22,24.5,25,1,100913,12,141000,110853,2,4
2928,TGF,259,259,259,259,258,539,1396,259,262,3,100913,12,7327,3359,2,1
2929,TGM,11,11,10,10,10,34029,3653,10,11,2,151314,8,78390,15000,3,1
2930,TGN,11,11,11,11,0,136,15,10,0,1,,12,54862,199864,2,0
2931,TGP,0,0,0,0,0,0,0,0,0,0,,0,0,12483,0,1
2932,TGR,0,0,0,0,0,0,0,0,0,0,,0,0,5999,0,6
2933,THR,1.3,1.3,1.3,1.3,1.3,1229230,15980,1.2,1.3,7,100913,12,13322899,1954599,28,1
2934,TI1,0,0,0,0,0,0,0,0,3.6,0,,0,0,42382,0,0
2935,TIA,0,0,0,0,0,0,0,0,0,0,,0,0,0,0,0
2936,TIE,43.5,43.5,43.5,43.5,43,55276,24045,43.5,44,10,100913,12,76207,59143,4,2
2937,TIG,1.9,1.9,1.9,1.9,1.9,88174,1675,1.8,1.9,3,100913,12,1771844,682960,4,3
2938,TIP,44.5,44.5,44,44,44.5,38100,16805,43,44.5,2,154240,4,37500,36843,2,1
2939,TKL,0.8,0.8,0.8,0.8,0.8,83337,667,0.8,0.9,1,140639,4,2198148,746421,9,1
2940,TKM,7.3,7.3,7.3,7.3,7.1,41,3,7.2,7.5,1,154149,8,79308,417740,1,2
2941,TLG,0,0,0,136,0,10808,14558,0,0,14,101054,0,0,3461,0,0
2942,TLM,0,16,0,16,0,103344,16043,0,0,8,101011,0,0,106917,0,0
2943,TLS,0,0,0,0,0,0,0,0,0,0,,0,311195,0,0,0
2944,TLS3H7,8.5,9,8.5,9,8,570,4855,0,0,2,150217,12,0,0,0,0
2945,TLS3N7,3.5,3.5,3.5,3.5,0,70,245,0,0,1,120917,12,0,0,0,0
2946,TLSB37,13,13,13,13,13,155,2015,0,0,1,141427,12,0,0,0,0
2947,TLSFZ8,4.5,4.5,4.5,4.5,0,300,1350,0,0,1,103721,12,0,0,0,0
2948,TLSIOD,91,91,91,91,100,550,501,91,92,1,132223,4,1,1,1,1
2949,TLSP79,6,6,6,6,9,100,600,0,7,1,111702,12,0,40,0,1
2950,TLSP99,9.5,9.5,9.5,9.5,10.5,7000,66500,0,0,8,151656,12,0,0,0,0
2951,TLSPK9,10,10,10,10,15,1000,10000,0,11.5,1,143608,12,0,20,0,1
2952,TLSPM9,6.5,6.5,6.5,6.5,12,1500,9750,0,0,2,124907,12,0,0,0,0
2953,TLSPO9,3.5,3.5,3.5,3.5,4.5,3000,10500,0,0,3,150839,12,0,0,0,0
2954,TLSPV7,3,3,3,3,3,18500,51800,0,0,1,102614,12,0,0,0,0
2955,TLSQ79,9.5,9.5,9.5,9.5,0,1075,10213,0,0,2,142859,12,0,0,0,0
2956,TLSQB9,3,3,3,3,8.5,257,771,0,0,1,105618,12,0,0,0,0
2957,TLSR39,2.5,2.5,2,2,3.5,2495,5670,2,2.5,18,142512,12,104,104,1,1
2958,TLSTY7,21.5,21.5,21.5,21.5,21.5,655,13428,0,0,2,142717,12,0,0,0,0
2959,TLSU17,0,0,0,0,0,500,7250,0,0,1,142717,12,0,0,0,0
2960,TLSUO9,6.5,6.5,6.5,6.5,6,1500,9750,0,0,2,151625,12,0,0,0,0
2961,TLSY17,2.5,2.5,2.5,2.5,3,110,275,0,0,1,103906,12,0,0,0,0
2962,TLX,0,0,0,0,0,21508,91901,0,0,100,101101,0,2038,0,0,0
2963,TMB,22,22,21,21,21.5,79131,16700,21.5,22,12,150117,8,10000,10000,1,1
2964,TMG,8.5,8.5,8.5,8.5,8.3,2149,183,8.5,8.8,1,100913,12,3851,20000,1,1
2965,TMGOC,1.6,1.8,1.6,1.8,1.6,258991,4162,1.4,1.8,2,105851,4,400000,7884,1,1
2966,TMK,1.2,1.2,1.1,1.1,1.1,3861081,43472,1,1.1,24,155132,8,5388087,450000,13,2
2967,TMS,4.2,4.3,3.5,3.5,4,1944727,76951,3.5,4,36,161049,8,342641,50000,5,1
2968,TMSO,2.5,2.9,2.5,2.9,3,285250,7429,2,2.7,5,155940,4,100000,25000,2,1
2969,TMT,0,0,0,0,0,0,0,37,38,0,,0,15001,6148,1,0
2970,TMX,1,1,1,1,1,249751,2498,0.9,1,2,152022,8,6355413,115000,4,1
2971,,0,0,0,0,0,0,0,0,1817,0,,0,0,500,0,1
2972,TMZ,2.8,2.8,2.8,2.8,2.8,15000,420,2.8,3,3,100913,12,219759,723757,8,6
2973,TMZOA,0,0,0,0,0,0,0,0,0,0,,0,521000,0,3,0
2974,TNE,0,1006,0,1006,0,36770,366736,1005,1007,170,101106,0,63,415,0,4
2975,TNEKOB,219,219,219,219,169,350,767,0,0,1,140430,4,0,0,0,0
2976,TNG,0,0,0,0,0,0,0,7.1,7.3,0,,0,21943,181340,1,3
2977,TNT,0,0,0,0,0,0,0,0,0,0,,0,0,56455,0,4
2978,TNY,0,0,0,0,0,0,0,0,0,0,,0,51503,0,2,0
2979,TOE,0,0,0,0,0,0,0,0,0,0,,0,0,1039413,0,7
2980,TON,2.9,3,2.9,3,2.9,505675,14870,2.7,3.1,6,110557,4,115019,208000,2,2
2981,TONO,0.4,0.4,0.4,0.4,0.4,31579,126,0.4,0.5,1,112843,4,26421,1720586,1,1
2982,TOP,0,0,0,0,0,0,0,0,0,0,,0,102131,0,3,0
2983,TOR,24,24,24,24,24,20000,4800,23.5,24,3,100913,12,8500,23500,1,1
2984,TOT,88.5,88.5,88.5,88.5,88.5,32934,29147,88.5,89,6,132613,8,1845,10000,2,1
2985,TOU,3.6,3.6,3.6,3.6,3.5,7000,252,3,3.4,1,100909,4,101034,250000,2,1
2986,TOY,0,0,0,0,0,0,0,0,0,0,,0,85058,0,2,0
2987,TPC,0,0,0,0,0,0,0,181,0,0,,0,931,0,0,0
2988,TPD,0,0,0,0,0,0,0,0,0,0,,0,86653995,0,134,0
2989,TPG,0,0,0,0,0,63656,372361,0,0,176,101108,0,5118,1435,13,0
2990,TPGY37,17.5,17.5,17.5,17.5,19,120,2100,0,0,1,112858,12,0,0,0,0
2991,TPGZQ7,15.5,15.5,15.5,15.5,0,39,605,0,0,1,131841,12,0,0,0,0
2992,TPP,7.3,7.3,7.3,7.3,7.3,35000,2555,6.5,7.5,2,103447,8,50000,24011,1,1
2993,TPW,0,0,0,429,0,1803,7674,0,0,50,101107,0,117,0,3,0
2994,TRJ,262,262,261,261,266,5000,13077,261,273,2,101058,12,4825,1995,1,1
2995,TRM,5.6,5.7,5.6,5.7,5.6,110000,6173,5.1,5.7,4,103011,4,20000,197107,1,2
2996,TRP,27,28,27,27,27,47000,12890,26,27,5,152634,8,50000,15836,1,1
2997,TRS,0,0,0,0,0,0,0,0,0,0,,0,1103,0,2,0
2998,TRT,3.9,4.1,3.6,4,3.9,1723581,64639,3.8,4,22,153118,8,200000,87255,1,1
2999,TRU,5.6,5.6,5.5,5.5,5.5,11364,625,5.2,6.5,2,121241,8,18867,324288,1,2
3000,TSC,0,0,0,0,0,383956,1402,0,0,11,101058,0,0,0,0,0
