id,asx_code,last_price,quantity,time_of_trade,sequence_number,internal_seq_number
491,BKW,2119,1,100642,10016993,48741
492,WOW,3443,41567,164430,40649782,1835522
493,WOW,3443,42534,164431,40649782,1835522
494,WHC,520,99961,164431,40649782,1835522
495,WAF,126.5,14488,164431,40649782,1835522
496,VEA,284,28405,164431,40649782,1835522
497,UMG,381,1908,164431,40649782,1835522
498,TNE,1024,6963,164431,40649782,1835522
499,TPG,584,16304,164431,40649782,1835522
500,SYR,0,0,000000,40649782,1835522
501,SYR,182.5,132366,164431,40649782,1835522
502,SVW,0,0,000000,10501287,1835556
503,SUL,933,8569,164431,40649782,1835522
504,SLR,155.5,53176,164431,40649782,1835522
505,SLR,155.5,116854,164431,40649782,1835522
506,TAH,105.5,1654252,164431,40649782,1835522
507,SHL,3652,4738,164432,40649782,1835522
508,SGM,1779,10260,164432,40649782,1835522
509,SFR,544,9065,164432,40649782,1835522
510,SEK,2435,4032,164432,40649782,1835522
511,SCP,299,14585,164432,40649782,1835522
512,S32,468,1105545,164432,40649782,1835522
513,RMS,139.5,22,100646,40013279,50032
514,RMS,139.5,22,100646,40013279,50032
515,RMS,139.5,22,100646,40013279,50032
516,REH,1504,110,100646,10017924,51033
517,REA,10913,239,100646,40013279,50032
518,QBE,1234,189,100646,30009453,49269
519,PPT,3193,2,100646,30009495,49503
520,OZL,0,0,000000,40013401,50312
521,PMV,2222,6,100646,20009557,49737
522,OZL,0,0,000000,40013401,50312
523,ORI,1586,26,100646,10017724,50536
524,ORG,0,0,000000,40649782,1835522
525,ORG,675,10837,164432,40649782,1835522
526,NWL,1265,40,100646,30009495,49503
527,NST,900,1,100646,40013563,50827
528,NHF,726,3000,100646,40013563,50827
529,NCM,2530,1997,100646,40013563,50827
530,MTS,0,0,000000,10016062,46517
531,MQG,17828,17,100646,40013563,50827
532,MPL,321,249,100612,40012040,44733
533,MP1,724,1,100623,40012361,46003
534,MP1,724,1,100623,40012361,46003
535,MIN,6173,9,100643,10017137,48984
536,LYC,947,414,100643,10017137,48984
537,LKE,146.5,471,100631,40012625,47125
538,JLG,0,0,000000,30009247,47712
539,JLG,0,0,000000,30009247,47712
540,JIN,1527,28,100428,10009654,28828
541,IRE,1030,14,100428,10009654,28828
542,IPH,786,1,100502,20006311,32732
543,IMU,20.7,535,100641,10016993,48741
544,IAG,454,13,100628,10016062,46517
545,GUD,0,0,000000,10017137,48984
546,GMA,299,2,100645,30009453,49269
547,EML,0,0,000000,10011883,36030
548,ELD,1454,46,100645,10017137,48984
549,ELD,1454,46,100645,10017137,48984
550,DRR,455,21,100636,20009210,47975
551,DMP,6979,15,100643,10017137,48984
552,DHG,322.5,8,100629,10016062,46517
553,CUV,1610,6,100637,40012848,48195
554,CTD,2167,2,100620,10015763,45773
555,CSL,27273,12,100645,10017137,48984
556,COL,1771,1,100638,40012848,48195
557,CIP,342,154,100503,30006905,33173
558,CKF,960,13,100630,40012625,47125
559,CHC,1329,8,100636,20009210,47975
560,CGC,294,43,100450,40008346,31265
561,CDA,749,39,100640,10016993,48741
562,CCX,231,11,100610,40012040,44733
563,CBA,10581,5,100644,10017137,48984
564,BXB,1116,17,100641,10016993,48741
565,BXB,1116,17,100641,10016993,48741
566,BWP,0,0,000000,20006127,32119
567,BRN,117.5,10000,100642,10016993,48741
568,BPT,162,198,100607,40011932,44410
569,BPT,162,198,100607,40011932,44410
570,BOQ,0,0,000000,30007158,34812
571,BKL,7147,1,100300,30004627,18266
572,BHP,4327,1,100646,40013563,50827
573,BAP,611,10,100645,10017137,48984
574,AUB,1842,2,100358,20003527,20869
575,ASX,8254,22,100644,10017137,48984
576,APX,655,492,100620,10015680,45566
577,ANZ,2539,20,100635,30009247,47712
578,ANZ,2539,20,100635,30009247,47712
579,ALD,3337,7,100644,10017137,48984
580,IFT,736,120,100559,30008744,43208
581,AZJ,397,47,100638,40012848,48195
582,NWS,2403,411,100646,40013563,50827
583,XJOCL7,31.5,2730,165747,30346392,1835551
584,XJOB39,79,1365,165747,30346392,1835551
585,ISO,0,0,000000,30346393,1835552
586,ABP,289,2,100627,10016062,46517
587,WBC,0,0,000000,20338083,1835554
588,STO,817,40360,170620,10501289,1835559
589,FMG,2102,865,100644,10017137,48984
590,IPL,356,933,100645,30009453,49269
591,SIG,0,0,000000,40649793,1835560
592,NUF,508,18,100646,10017724,50536
593,BBUS,1167,1000,100603,20008378,44005
594,ZZA,0.1,81502,173934,10501307,1835579
595,CIA,794,155,100640,10016993,48741
596,AKE,1357,5,100645,10017137,48984
597,CXO,133,1000,100643,10017137,48984
598,NXG,643.1,465000,090511,30000003,17
599,JHG,3759,4,100542,10011883,36030
600,IVV,55830,7,100623,10016062,46517
601,AAA,5008,19,095947,30000735,751
602,PMGOLD,2630,3,094956,30000008,24
603,ETPMPD,26418,23,094947,30000007,23
604,XFL,6977.7,0,100615,10016062,46517
605,XLD,1335.2,0,100615,10016062,46517
606,XRE,3317.8,0,100615,10016062,46517
607,XUJ,8165.4,0,100615,10016062,46517
608,XAE,1362.9,0,100615,10016062,46517
609,XDJ,2873.1,0,100615,10016062,46517
610,XHJ,40672.9,0,100615,10016062,46517
611,XMD,8800.1,0,100615,10016062,46517
612,XSJ,12849.1,0,100615,10016062,46517
613,XVI,16.65,0,044501,30000008,24
614,XAO,7391.4,0,100615,10016062,46517
615,XEJ,9908,0,100615,10016062,46517
616,XIN,466.1,0,100615,10016062,46517
617,XMM,5923.2,0,100615,10016062,46517
618,XSY,1796.4,0,100615,10016062,46517
619,XBN,8935,0,100615,10016062,46517
620,XFJ,6553,0,100615,10016062,46517
621,XJT,84232.6,0,100615,10016062,46517
622,XNV,55,0,100615,10016062,46517
623,XTO,5971.2,0,100615,10016062,46517
624,XDI,1517.1,0,100615,10016062,46517
625,XGD,6401.2,0,100615,10016062,46517
626,XKO,7136.1,0,100615,10016062,46517
627,XPJ,1465.9,0,100615,10016062,46517
628,XTX,2076.5,0,100615,10016062,46517
629,XBT,8947.1,0,100615,10016062,46517
630,XAF,6986.1,0,100615,10016062,46517
631,XEC,2349.8,0,100615,10016062,46517
632,XIJ,1471.3,0,100615,10016062,46517
633,XMJ,17546.9,0,100615,10016062,46517
634,XSO,3040,0,100615,10016062,46517
635,XXJ,7308.8,0,100615,10016062,46517
636,XBK,2729.2,0,100615,10016062,46517
637,XEW,1759.2,0,100615,10016062,46517
638,XJO,7145.9,0,100615,10016062,46517
639,XNT,79417,0,100615,10016062,46517
640,XTJ,1409.9,0,100615,10016062,46517
641,XAT,7132.1,0,100615,10016062,46517
642,XET,3349.5,0,100615,10016062,46517
643,XJR,5755.2,0,100615,10016062,46517
644,XNJ,6504.4,0,100615,10016062,46517
645,XTL,4011.3,0,100615,10016062,46517
646,YSTW,65.77,0,100615,10016062,46517
647,YSLF,12.04,0,100615,10016062,46517
648,YSFY,63.72,0,100615,10016062,46517
649,XBW,127123,0,090015,30000008,24
650,XJOKOT,929,1000,100558,30008744,43208
651,NDXKOE,2559,1000,095310,30000011,27
652,NDXKOC,1562,3000,100058,30002433,8236
653,VGS,9062,221,100636,20009210,47975
654,DJXMOM,4465,100,095612,30000019,35
655,XJO1R8,7,5,095724,30000021,37
656,AASF,334,3002,095949,20000518,2322
657,AASF,334,3002,095949,20000518,2322
658,QRE,817,348,095947,30000735,751
659,QRE,817,1,095947,30000735,751
660,IOZ,2945,84,100528,40009595,35472
661,IOZ,2945,84,100528,40009595,35472
662,IOZ,2945,84,100528,40009595,35472
663,IOZ,2945,84,100528,40009595,35472
664,IOZ,2945,84,100528,40009595,35472
665,IOZ,2945,84,100528,40009595,35472
666,IOZ,2945,84,100528,40009595,35472
667,IOZ,2945,84,100528,40009595,35472
668,IOZ,2945,84,100528,40009595,35472
669,IOZ,2945,84,100528,40009595,35472
670,IOZ,2945,84,100528,40009595,35472
671,IOZ,2945,84,100528,40009595,35472
672,IOZ,2945,84,100528,40009595,35472
673,IOZ,2945,84,100528,40009595,35472
674,IOZ,2945,84,100528,40009595,35472
675,IJP,8089,6,100420,10009076,27354
676,IJP,8089,6,100420,10009076,27354
677,IJP,8089,6,100420,10009076,27354
678,IJP,8089,6,100420,10009076,27354
679,HYGG,286,1749,100523,30007158,34812
680,HYGG,286,1749,100523,30007158,34812
681,HYGG,286,1749,100523,30007158,34812
682,HYGG,286,1749,100523,30007158,34812
683,HYGG,286,1749,100523,30007158,34812
684,HYGG,286,1749,100523,30007158,34812
685,HYGG,286,1749,100523,30007158,34812
686,HYGG,286,1749,100523,30007158,34812
687,HYGG,286,1749,100523,30007158,34812
688,HYGG,286,1749,100523,30007158,34812
689,IJR,13549,6,100106,10002885,8420
690,VIF,4078,456,100546,10012078,38423
691,VIF,4078,456,100546,10012078,38423
692,ATEC,1600,3,100627,10016062,46517
693,INES,341,130,095947,30000735,751
694,ETHI,1083,46,100615,10015555,45291
695,ETHI,1083,46,100615,10015555,45291
696,ETHI,1083,46,100615,10015555,45291
697,ETHI,1083,46,100615,10015555,45291
698,ETHI,1083,46,100615,10015555,45291
699,ETHI,1083,46,100615,10015555,45291
700,ETHI,1083,46,100615,10015555,45291
701,ETHI,1083,46,100615,10015555,45291
702,ETHI,1083,46,100615,10015555,45291
703,ETHI,1083,46,100615,10015555,45291
704,ETHI,1083,46,100615,10015555,45291
705,ETHI,1083,46,100615,10015555,45291
706,ETHI,1083,46,100615,10015555,45291
707,ETHI,1083,46,100615,10015555,45291
708,HVST,1290,150,100225,40002063,10473
709,HVST,1290,150,100225,40002063,10473
710,HVST,1290,150,100225,40002063,10473
711,VAE,6550,374,100158,10003645,9837
712,VAE,6550,374,100158,10003645,9837
713,VAE,6550,374,100158,10003645,9837
714,VAE,6550,374,100158,10003645,9837
715,STW,6670,153,100557,30008744,43208
716,STW,6670,153,100557,30008744,43208
717,STW,6670,153,100557,30008744,43208
718,STW,6670,153,100557,30008744,43208
719,STW,6670,153,100557,30008744,43208
720,HNDQ,2600,7,095947,30000735,751
721,HNDQ,2600,343,095947,30000735,751
722,HNDQ,2600,20,095947,30000735,751
723,HNDQ,2600,21,095947,30000735,751
724,QOZ,1535,357,100617,10015555,45291
725,IIND,954,53,095947,30000735,751
726,IIND,954,52,095947,30000735,751
727,IIND,954,11,095947,30000735,751
728,IXJ,11794,300,095947,30000735,751
729,ASIA,686,500,100231,40004362,17251
730,ASIA,686,500,100231,40004362,17251
731,ASIA,686,500,100231,40004362,17251
732,ASIA,686,500,100231,40004362,17251
733,ASIA,686,500,100231,40004362,17251
734,ASIA,686,500,100231,40004362,17251
735,ASIA,686,500,100231,40004362,17251
736,ASIA,686,500,100231,40004362,17251
737,ASIA,686,500,100231,40004362,17251
738,ASIA,686,500,100231,40004362,17251
739,ASIA,686,500,100231,40004362,17251
740,ASIA,686,500,100231,40004362,17251
741,ASIA,686,500,100231,40004362,17251
742,ASIA,686,500,100231,40004362,17251
743,ASIA,686,500,100231,40004362,17251
744,ASIA,686,500,100231,40004362,17251
745,ASIA,686,500,100231,40004362,17251
746,ASIA,686,500,100231,40004362,17251
747,ASIA,686,500,100231,40004362,17251
748,ASIA,686,500,100231,40004362,17251
749,ASIA,686,500,100231,40004362,17251
750,VHY,6826,211,100550,30008161,41091
751,VHY,6826,211,100550,30008161,41091
752,VHY,6826,211,100550,30008161,41091
753,VHY,6826,211,100550,30008161,41091
754,VHY,6826,211,100550,30008161,41091
755,MAAT,88,2434,095947,30000735,751
756,MAAT,88,1,095947,30000735,751
757,QAU,1641,200,100145,10003389,9371
758,QAU,1641,200,100145,10003389,9371
759,QAU,1641,200,100145,10003389,9371
760,VGAD,7798,137,095947,30000735,751
761,VGAD,7798,1,095947,30000735,751
762,ILB,12137,1,100133,30002576,8968
763,ILB,12137,1,100133,30002576,8968
764,TECH,8060,10,100308,10006264,18966
765,TECH,8060,10,100308,10006264,18966
766,TECH,8060,10,100308,10006264,18966
767,ILC,2831,1058,100509,20006680,34224
768,ILC,2831,1058,100509,20006680,34224
769,MVA,2230,35,095950,10002020,6242
770,MVA,2230,35,095950,10002020,6242
771,VTS,27800,25,100629,10016062,46517
772,VTS,27800,25,100629,10016062,46517
773,VTS,27800,25,100629,10016062,46517
774,VTS,27800,25,100629,10016062,46517
775,VTS,27800,25,100629,10016062,46517
776,VTS,27800,25,100629,10016062,46517
777,VTS,27800,25,100629,10016062,46517
778,VTS,27800,25,100629,10016062,46517
779,VTS,27800,25,100629,10016062,46517
780,VTS,27800,25,100629,10016062,46517
781,VTS,27800,25,100629,10016062,46517
782,VTS,27800,25,100629,10016062,46517
783,VTS,27800,25,100629,10016062,46517
784,NDQ,2664,3,100620,10015680,45566
785,NDQ,2664,3,100620,10015680,45566
786,NDQ,2664,3,100620,10015680,45566
787,NDQ,2664,3,100620,10015680,45566
788,NDQ,2664,3,100620,10015680,45566
789,NDQ,2664,3,100620,10015680,45566
790,NDQ,2664,3,100620,10015680,45566
791,NDQ,2664,3,100620,10015680,45566
792,NDQ,2664,3,100620,10015680,45566
793,NDQ,2664,3,100620,10015680,45566
794,NDQ,2664,3,100620,10015680,45566
795,NDQ,2664,3,100620,10015680,45566
796,NDQ,2664,3,100620,10015680,45566
797,NDQ,2664,3,100620,10015680,45566
798,NDQ,2664,3,100620,10015680,45566
799,NDQ,2664,3,100620,10015680,45566
800,NDQ,2664,3,100620,10015680,45566
801,NDQ,2664,3,100620,10015680,45566
802,NDQ,2664,3,100620,10015680,45566
803,NDQ,2664,3,100620,10015680,45566
804,NDQ,2664,3,100620,10015680,45566
805,NDQ,2664,3,100620,10015680,45566
806,NDQ,2664,3,100620,10015680,45566
807,NDQ,2664,3,100620,10015680,45566
808,NDQ,2664,3,100620,10015680,45566
809,NDQ,2664,3,100620,10015680,45566
810,NDQ,2664,3,100620,10015680,45566
811,NDQ,2664,3,100620,10015680,45566
812,NDQ,2664,3,100620,10015680,45566
813,NDQ,2664,3,100620,10015680,45566
814,NDQ,2664,3,100620,10015680,45566
815,NDQ,2664,3,100620,10015680,45566
816,NDQ,2664,3,100620,10015680,45566
817,NDQ,2664,3,100620,10015680,45566
818,NDQ,2664,3,100620,10015680,45566
819,NDQ,2664,3,100620,10015680,45566
820,NDQ,2664,3,100620,10015680,45566
821,NDQ,2664,3,100620,10015680,45566
822,NDQ,2664,3,100620,10015680,45566
823,NDQ,2664,3,100620,10015680,45566
824,NDQ,2664,3,100620,10015680,45566
825,NDQ,2664,3,100620,10015680,45566
826,NDQ,2664,3,100620,10015680,45566
827,NDQ,2664,3,100620,10015680,45566
828,NDQ,2664,3,100620,10015680,45566
829,NDQ,2664,3,100620,10015680,45566
830,NDQ,2664,3,100620,10015680,45566
831,NDQ,2664,3,100620,10015680,45566
832,NDQ,2664,3,100620,10015680,45566
833,NDQ,2664,3,100620,10015680,45566
834,NDQ,2664,3,100620,10015680,45566
835,NDQ,2664,3,100620,10015680,45566
836,NDQ,2664,3,100620,10015680,45566
837,NDQ,2664,3,100620,10015680,45566
838,NDQ,2664,3,100620,10015680,45566
839,NDQ,2664,3,100620,10015680,45566
840,NDQ,2664,3,100620,10015680,45566
841,NDQ,2664,3,100620,10015680,45566
842,NDQ,2664,3,100620,10015680,45566
843,NDQ,2664,3,100620,10015680,45566
844,NDQ,2664,3,100620,10015680,45566
845,NDQ,2664,3,100620,10015680,45566
846,NDQ,2664,3,100620,10015680,45566
847,IWLD,3843,25,095947,30000735,751
848,IWLD,3843,53,095947,30000735,751
849,IWLD,3843,1,095947,30000735,751
850,YANK,1139,86,095947,30000735,751
851,MVR,3520,115,100509,20006680,34224
852,MVW,3305,506,100608,40011932,44410
853,MVW,3305,506,100608,40011932,44410
854,MICH,312,1,095947,30000735,751
855,MICH,312,558,095947,30000735,751
856,VDGR,5350,20,095947,30000735,751
857,VDGR,5350,8,095947,30000735,751
858,VDGR,5350,136,095947,30000735,751
859,VDGR,5350,1,095947,30000735,751
860,VDGR,5350,2,095947,30000735,751
861,VDGR,5350,17,095947,30000735,751
862,VDGR,5350,30,095947,30000735,751
863,QUAL,3554,535,100037,10002647,7946
864,QUAL,3554,535,100037,10002647,7946
865,QUAL,3554,535,100037,10002647,7946
866,QUAL,3554,535,100037,10002647,7946
867,IHVV,38544,99,100635,30009247,47712
868,VLC,7466,1,100103,10002857,8364
869,VLC,7466,1,100103,10002857,8364
870,VLC,7466,1,100103,10002857,8364
871,VLC,7466,1,100103,10002857,8364
872,VLC,7466,1,100103,10002857,8364
873,GOVT,2423,331,095947,30000735,751
874,GOVT,2423,1,095947,30000735,751
875,BBOZ,414,2000,100636,20009210,47975
876,BBOZ,414,2000,100636,20009210,47975
877,BBOZ,414,2000,100636,20009210,47975
878,BBOZ,414,2000,100636,20009210,47975
879,BBOZ,414,2000,100636,20009210,47975
880,BBOZ,414,2000,100636,20009210,47975
881,BBOZ,414,2000,100636,20009210,47975
882,BBOZ,414,2000,100636,20009210,47975
883,OOO,910,2196,100402,20003527,20869
884,OOO,910,2196,100402,20003527,20869
885,OOO,910,2196,100402,20003527,20869
886,OOO,910,2196,100402,20003527,20869
887,OOO,910,2196,100402,20003527,20869
888,OOO,910,2196,100402,20003527,20869
889,UMAX,1954,2,100003,10002020,6242
890,UMAX,1954,2,100003,10002020,6242
891,UMAX,1954,2,100003,10002020,6242
892,UMAX,1954,2,100003,10002020,6242
893,VDHG,5550,1,100254,30004611,18195
894,VDHG,5550,1,100254,30004611,18195
895,VDHG,5550,1,100254,30004611,18195
896,VDHG,5550,1,100254,30004611,18195
897,VDHG,5550,1,100254,30004611,18195
898,VDHG,5550,1,100254,30004611,18195
899,VDHG,5550,1,100254,30004611,18195
900,VDHG,5550,1,100254,30004611,18195
901,VDHG,5550,1,100254,30004611,18195
902,VDHG,5550,1,100254,30004611,18195
903,VDHG,5550,1,100254,30004611,18195
904,VDHG,5550,1,100254,30004611,18195
905,VDHG,5550,1,100254,30004611,18195
906,VDHG,5550,1,100254,30004611,18195
907,VDHG,5550,1,100254,30004611,18195
908,IOO,9550,3,100053,10002737,8153
909,IOO,9550,3,100053,10002737,8153
910,IOO,9550,3,100053,10002737,8153
911,IOO,9550,3,100053,10002737,8153
912,IOO,9550,3,100053,10002737,8153
913,IOO,9550,3,100053,10002737,8153
914,IAF,10180,70,100558,30008744,43208
915,IAF,10180,70,100558,30008744,43208
916,VESG,6360,15,100442,30006587,30546
917,VESG,6360,15,100442,30006587,30546
918,VESG,6360,15,100442,30006587,30546
919,HBRD,1012,988,100617,10015555,45291
920,HBRD,1012,988,100617,10015555,45291
921,IYLD,9835,500,095947,30000735,751
922,EBND,958,1,095947,30000735,751
923,BOND,2451,1,095947,30000735,751
924,BOND,2451,345,095947,30000735,751
925,OZBD,4560,2200,100608,40011932,44410
926,DRIV,824,60,095947,30000735,751
927,DRIV,824,40,095947,30000735,751
928,DRIV,824,75,095947,30000735,751
929,DRIV,824,9,095947,30000735,751
930,DRIV,824,16,095947,30000735,751
931,DRIV,824,1,095947,30000735,751
932,ISEC,10045,1,095947,30000735,751
933,HACK,855,8000,100600,20008299,43562
934,HACK,855,8000,100600,20008299,43562
935,HACK,855,8000,100600,20008299,43562
936,HACK,855,8000,100600,20008299,43562
937,HACK,855,8000,100600,20008299,43562
938,HACK,855,8000,100600,20008299,43562
939,HACK,855,8000,100600,20008299,43562
940,HACK,855,8000,100600,20008299,43562
941,HACK,855,8000,100600,20008299,43562
942,HACK,855,8000,100600,20008299,43562
943,HACK,855,8000,100600,20008299,43562
944,HACK,855,8000,100600,20008299,43562
945,HACK,855,8000,100600,20008299,43562
946,HACK,855,8000,100600,20008299,43562
947,HACK,855,8000,100600,20008299,43562
948,HACK,855,8000,100600,20008299,43562
949,HACK,855,8000,100600,20008299,43562
950,HACK,855,8000,100600,20008299,43562
951,HACK,855,8000,100600,20008299,43562
952,HACK,855,8000,100600,20008299,43562
953,HACK,855,8000,100600,20008299,43562
954,HACK,855,8000,100600,20008299,43562
955,HACK,855,8000,100600,20008299,43562
956,HACK,855,8000,100600,20008299,43562
957,HACK,855,8000,100600,20008299,43562
958,HACK,855,8000,100600,20008299,43562
959,HACK,855,8000,100600,20008299,43562
960,HACK,855,8000,100600,20008299,43562
961,HACK,855,8000,100600,20008299,43562
962,HACK,855,8000,100600,20008299,43562
963,HACK,855,8000,100600,20008299,43562
964,HACK,855,8000,100600,20008299,43562
965,HACK,855,8000,100600,20008299,43562
966,HACK,855,8000,100600,20008299,43562
967,HACK,855,8000,100600,20008299,43562
968,HACK,855,8000,100600,20008299,43562
969,HACK,855,8000,100600,20008299,43562
970,HACK,855,8000,100600,20008299,43562
971,WDIV,1867,45,100107,10002885,8420
972,WDIV,1867,45,100107,10002885,8420
973,VISM,5357,27,100008,20001210,7245
974,CRYP,286,500,100553,30008744,43208
975,CRYP,286,500,100553,30008744,43208
976,CRYP,286,500,100553,30008744,43208
977,CRYP,286,500,100553,30008744,43208
978,CRYP,286,500,100553,30008744,43208
979,CRYP,286,500,100553,30008744,43208
980,CRYP,286,500,100553,30008744,43208
981,CRYP,286,500,100553,30008744,43208
982,CRYP,286,500,100553,30008744,43208
983,CRYP,286,500,100553,30008744,43208
984,CRYP,286,500,100553,30008744,43208
985,CRYP,286,500,100553,30008744,43208
986,CRYP,286,500,100553,30008744,43208
987,CRYP,286,500,100553,30008744,43208
988,CRYP,286,500,100553,30008744,43208
989,CRYP,286,500,100553,30008744,43208
990,CRYP,286,500,100553,30008744,43208
991,CRYP,286,500,100553,30008744,43208
992,EINC,850,1,095947,30000735,751
993,SNAS,552,100,100609,40012040,44733
994,SNAS,552,100,100609,40012040,44733
995,SNAS,552,100,100609,40012040,44733
996,SNAS,552,100,100609,40012040,44733
997,SNAS,552,100,100609,40012040,44733
998,SNAS,552,100,100609,40012040,44733
999,SNAS,552,100,100609,40012040,44733
1000,SNAS,552,100,100609,40012040,44733
1001,SNAS,552,100,100609,40012040,44733
1002,SNAS,552,100,100609,40012040,44733
1003,SNAS,552,100,100609,40012040,44733
1004,DHHF,2725,36,095947,30000735,751
1005,DHHF,2725,3,095947,30000735,751
1006,DHHF,2725,132,095947,30000735,751
1007,DHHF,2725,162,095947,30000735,751
1008,DHHF,2725,39,095947,30000735,751
1009,DHHF,2725,19,095947,30000735,751
1010,DHHF,2725,448,095947,30000735,751
1011,RBTZ,970,1000,100000,10002020,6242
1012,RBTZ,970,1000,100000,10002020,6242
1013,RBTZ,970,1000,100000,10002020,6242
1014,RBTZ,970,1000,100000,10002020,6242
1015,RBTZ,970,1000,100000,10002020,6242
1016,VAF,4530,31,095947,30000735,751
1017,VAF,4530,5,095947,30000735,751
1018,VAF,4530,12,095947,30000735,751
1019,VAF,4530,2,095947,30000735,751
1020,QLTY,2000,25,095947,30000735,751
1021,QLTY,2000,4,095947,30000735,751
1022,QLTY,2000,1,095947,30000735,751
1023,GEAR,2630,2911,100442,30006587,30546
1024,ROBO,6500,230,100155,40001908,9647
1025,ZYAU,937,1,095947,30000735,751
1026,VAP,8301,182,100645,30009453,49269
1027,VAP,8301,182,100645,30009453,49269
1028,VAP,8301,182,100645,30009453,49269
1029,VAP,8301,182,100645,30009453,49269
1030,VAP,8301,182,100645,30009453,49269
1031,VAP,8301,182,100645,30009453,49269
1032,VAP,8301,182,100645,30009453,49269
1033,VAP,8301,182,100645,30009453,49269
1034,CLDD,945,105,100442,30006587,30546
1035,CLDD,945,105,100442,30006587,30546
1036,CLDD,945,105,100442,30006587,30546
1037,CLDD,945,105,100442,30006587,30546
1038,CLDD,945,105,100442,30006587,30546
1039,MOGL,276,920,095947,30000735,751
1040,MOGL,276,1,095947,30000735,751
1041,VAS,9102,1360,100349,20003477,20512
1042,VAS,9102,1360,100349,20003477,20512
1043,VAS,9102,1360,100349,20003477,20512
1044,VAS,9102,1360,100349,20003477,20512
1045,VAS,9102,1360,100349,20003477,20512
1046,VAS,9102,1360,100349,20003477,20512
1047,VAS,9102,1360,100349,20003477,20512
1048,VAS,9102,1360,100349,20003477,20512
1049,VAS,9102,1360,100349,20003477,20512
1050,VAS,9102,1360,100349,20003477,20512
1051,VAS,9102,1360,100349,20003477,20512
1052,VAS,9102,1360,100349,20003477,20512
1053,VAS,9102,1360,100349,20003477,20512
1054,VAS,9102,1360,100349,20003477,20512
1055,VAS,9102,1360,100349,20003477,20512
1056,VAS,9102,1360,100349,20003477,20512
1057,VAS,9102,1360,100349,20003477,20512
1058,VAS,9102,1360,100349,20003477,20512
1059,VAS,9102,1360,100349,20003477,20512
1060,VAS,9102,1360,100349,20003477,20512
1061,VAS,9102,1360,100349,20003477,20512
1062,VAS,9102,1360,100349,20003477,20512
1063,VAS,9102,1360,100349,20003477,20512
1064,VAS,9102,1360,100349,20003477,20512
1065,VAS,9102,1360,100349,20003477,20512
1066,VAS,9102,1360,100349,20003477,20512
1067,VAS,9102,1360,100349,20003477,20512
1068,VAS,9102,1360,100349,20003477,20512
1069,VAS,9102,1360,100349,20003477,20512
1070,VAS,9102,1360,100349,20003477,20512
1071,VAS,9102,1360,100349,20003477,20512
1072,VAS,9102,1360,100349,20003477,20512
1073,VAS,9102,1360,100349,20003477,20512
1074,VAS,9102,1360,100349,20003477,20512
1075,VAS,9102,1360,100349,20003477,20512
1076,VAS,9102,1360,100349,20003477,20512
1077,VAS,9102,1360,100349,20003477,20512
1078,VAS,9102,1360,100349,20003477,20512
1079,VAS,9102,1360,100349,20003477,20512
1080,VAS,9102,1360,100349,20003477,20512
1081,VAS,9102,1360,100349,20003477,20512
1082,VAS,9102,1360,100349,20003477,20512
1083,VAS,9102,1360,100349,20003477,20512
1084,VAS,9102,1360,100349,20003477,20512
1085,VAS,9102,1360,100349,20003477,20512
1086,RINC,906,1,095947,30000735,751
1087,INCM,1577,38,095947,30000735,751
1088,INCM,1577,1,095947,30000735,751
1089,VDBA,5065,3283,100209,30002871,10109
1090,SPY,55750,1,100001,10002020,6242
1091,SPY,55750,1,100001,10002020,6242
1092,SPY,55750,1,100001,10002020,6242
1093,SPY,55750,1,100001,10002020,6242
1094,SPY,55750,1,100001,10002020,6242
1095,CURE,3300,45,100157,10003592,9742
1096,CURE,3300,45,100157,10003592,9742
1097,CURE,3300,45,100157,10003592,9742
1098,CURE,3300,45,100157,10003592,9742
1099,CURE,3300,45,100157,10003592,9742
1100,CURE,3300,45,100157,10003592,9742
1101,FLOT,2474,1,095947,30000735,751
1102,ESPO,875,90,100600,20008299,43562
1103,ESPO,875,90,100600,20008299,43562
1104,ESPO,875,90,100600,20008299,43562
1105,FUEL,640,1104,100445,40008148,30709
1106,FUEL,640,1104,100445,40008148,30709
1107,FUEL,640,1104,100445,40008148,30709
1108,DRUG,773,16,100543,40009839,36254
1109,DRUG,773,16,100543,40009839,36254
1110,DRUG,773,16,100543,40009839,36254
1111,DRUG,773,16,100543,40009839,36254
1112,FOOD,811,44,095947,30000735,751
1113,FOOD,811,14,095947,30000735,751
1114,FOOD,811,12,095947,30000735,751
1115,RARI,2544,2,095947,30000735,751
1116,ACDC,8294,3,100636,20009210,47975
1117,ACDC,8294,3,100636,20009210,47975
1118,ACDC,8294,3,100636,20009210,47975
1119,ACDC,8294,3,100636,20009210,47975
1120,ACDC,8294,3,100636,20009210,47975
1121,ACDC,8294,3,100636,20009210,47975
1122,ACDC,8294,3,100636,20009210,47975
1123,ACDC,8294,3,100636,20009210,47975
1124,ACDC,8294,3,100636,20009210,47975
1125,ACDC,8294,3,100636,20009210,47975
1126,ACDC,8294,3,100636,20009210,47975
1127,VEU,7514,11,095947,30000735,751
1128,VEU,7514,6,095947,30000735,751
1129,VEU,7514,69,095947,30000735,751
1130,VEU,7514,100,095947,30000735,751
1131,VEU,7514,28,095947,30000735,751
1132,VBLD,6520,1,100059,30002433,8236
1133,VBLD,6520,1,100059,30002433,8236
1134,VSO,6607,1,100626,10016062,46517
1135,VSO,6607,1,100626,10016062,46517
1136,VSO,6607,1,100626,10016062,46517
1137,VSO,6607,1,100626,10016062,46517
1138,VSO,6607,1,100626,10016062,46517
1139,VSO,6607,1,100626,10016062,46517
1140,VSO,6607,1,100626,10016062,46517
1141,VSO,6607,1,100626,10016062,46517
1142,A200,12236,24,100239,40004362,17251
1143,A200,12236,24,100239,40004362,17251
1144,A200,12236,24,100239,40004362,17251
1145,A200,12236,24,100239,40004362,17251
1146,A200,12236,24,100239,40004362,17251
1147,A200,12236,24,100239,40004362,17251
1148,A200,12236,24,100239,40004362,17251
1149,A200,12236,24,100239,40004362,17251
1150,A200,12236,24,100239,40004362,17251
1151,A200,12236,24,100239,40004362,17251
1152,A200,12236,24,100239,40004362,17251
1153,A200,12236,24,100239,40004362,17251
1154,MGOC,233,6259,100545,40009839,36254
1155,MGOC,233,6259,100545,40009839,36254
1156,MGOC,233,6259,100545,40009839,36254
1157,MGOC,233,6259,100545,40009839,36254
1158,MGOC,233,6259,100545,40009839,36254
1159,MGOC,233,6259,100545,40009839,36254
1160,PAXX,399,125,095947,30000735,751
1161,PAXX,399,1999,095947,30000735,751
1162,PAXX,399,1,095947,30000735,751
1163,IHD,1349,39,095947,30000735,751
1164,IHD,1349,2,095947,30000735,751
1165,BEAR,890,1111,095947,30000735,751
1166,SFY,6500,8,095947,30000735,751
1167,GDX,4595,108,100338,10006503,19732
1168,GDX,4595,108,100338,10006503,19732
1169,VGB,4641,100,100003,10002020,6242
1170,VGB,4641,100,100003,10002020,6242
1171,CLNE,814,59,095947,30000735,751
1172,CLNE,814,11,095947,30000735,751
1173,CLNE,814,61,095947,30000735,751
1174,CLNE,814,6,095947,30000735,751
1175,CLNE,814,1,095947,30000735,751
1176,EX20,1973,127,095947,30000735,751
1177,VGE,6550,61,100112,10002927,8519
1178,VGE,6550,61,100112,10002927,8519
1179,VGE,6550,61,100112,10002927,8519
1180,VGE,6550,61,100112,10002927,8519
1181,NDIA,5839,9,095947,30000735,751
1182,FANG,1154,453,100509,20006680,34224
1183,FANG,1154,453,100509,20006680,34224
1184,FANG,1154,453,100509,20006680,34224
1185,FANG,1154,453,100509,20006680,34224
1186,FANG,1154,453,100509,20006680,34224
1187,FANG,1154,453,100509,20006680,34224
1188,FANG,1154,453,100509,20006680,34224
1189,FANG,1154,453,100509,20006680,34224
1190,FANG,1154,453,100509,20006680,34224
1191,FANG,1154,453,100509,20006680,34224
1192,FANG,1154,453,100509,20006680,34224
1193,FANG,1154,453,100509,20006680,34224
1194,FANG,1154,453,100509,20006680,34224
1195,FANG,1154,453,100509,20006680,34224
1196,FANG,1154,453,100509,20006680,34224
1197,CRED,2268,338,095947,30000735,751
1198,CRED,2268,324,095947,30000735,751
1199,CRED,2268,2,095947,30000735,751
1200,CRED,2268,1575,095947,30000735,751
1201,ETHI,1083,46,100615,10015555,45291
1202,VAE,6550,374,100158,10003645,9837
1203,ASIA,686,500,100231,40004362,17251
1204,ASIA,686,500,100231,40004362,17251
1205,ASIA,686,500,100231,40004362,17251
1206,ASIA,686,500,100231,40004362,17251
1207,ASIA,686,500,100231,40004362,17251
1208,ASIA,686,500,100231,40004362,17251
1209,ASIA,686,500,100231,40004362,17251
1210,ASIA,686,500,100231,40004362,17251
1211,ASIA,686,500,100231,40004362,17251
1212,IZZ,4121,136,100158,10003592,9742
1213,NDQ,2664,3,100620,10015680,45566
1214,HGEN,825,10,095947,30000735,751
1215,HGEN,825,15,095947,30000735,751
1216,HGEN,825,11,095947,30000735,751
1217,VISM,5357,27,100008,20001210,7245
1218,ATEC,1600,3,100627,10016062,46517
1219,ETHI,1083,46,100615,10015555,45291
1220,CURE,3300,45,100157,10003592,9742
1221,ESPO,875,90,100600,20008299,43562
1222,ESPO,875,90,100600,20008299,43562
1223,IHWL,3776,112,100612,40012040,44733
1224,VHY,6826,211,100550,30008161,41091
1225,VHY,6826,211,100550,30008161,41091
1226,VHY,6826,211,100550,30008161,41091
1227,VHY,6826,211,100550,30008161,41091
1228,VHY,6826,211,100550,30008161,41091
1229,VDBA,5065,3283,100209,30002871,10109
1230,YMAX,779,489,100615,10015555,45291
1231,IWLD,3790,34,095947,30000735,751
1232,MICH,313,2000,095947,30000735,751
1233,MICH,313,611,095947,30000735,751
1234,CRYP,286,500,100553,30008744,43208
1235,CRYP,286,500,100553,30008744,43208
1236,CRYP,286,500,100553,30008744,43208
1237,CRYP,286,500,100553,30008744,43208
1238,CRYP,286,500,100553,30008744,43208
1239,ASIA,686,500,100231,40004362,17251
1240,ASIA,686,500,100231,40004362,17251
1241,ASIA,686,500,100231,40004362,17251
1242,ASIA,686,500,100231,40004362,17251
1243,ASIA,686,500,100231,40004362,17251
1244,ASIA,686,500,100231,40004362,17251
1245,IJH,33699,1,095947,30000735,751
1246,IZZ,4121,136,100158,10003592,9742
1247,IZZ,4121,136,100158,10003592,9742
1248,ERTH,996,1030,100412,10007119,21243
1249,ERTH,996,1030,100412,10007119,21243
1250,QOZ,1535,357,100617,10015555,45291
1251,HACK,855,8000,100600,20008299,43562
1252,HACK,855,8000,100600,20008299,43562
1253,HACK,855,8000,100600,20008299,43562
1254,HACK,855,8000,100600,20008299,43562
1255,HACK,855,8000,100600,20008299,43562
1256,HACK,855,8000,100600,20008299,43562
1257,HACK,855,8000,100600,20008299,43562
1258,CRYP,286,500,100553,30008744,43208
1259,CRYP,286,500,100553,30008744,43208
1260,CRYP,286,500,100553,30008744,43208
1261,CRYP,286,500,100553,30008744,43208
1262,CRYP,286,500,100553,30008744,43208
1263,IOO,9550,3,100053,10002737,8153
1264,CRYP,286,500,100553,30008744,43208
1265,CRYP,286,500,100553,30008744,43208
1266,CRYP,286,500,100553,30008744,43208
1267,CRYP,286,500,100553,30008744,43208
1268,CRYP,286,500,100553,30008744,43208
1269,CRYP,286,500,100553,30008744,43208
1270,CRYP,286,500,100553,30008744,43208
1271,NDQ,2664,3,100620,10015680,45566
1272,NDQ,2664,3,100620,10015680,45566
1273,CRYP,286,500,100553,30008744,43208
1274,CRYP,286,500,100553,30008744,43208
1275,CRYP,286,500,100553,30008744,43208
1276,CRYP,286,500,100553,30008744,43208
1277,CRYP,286,500,100553,30008744,43208
1278,CRYP,286,500,100553,30008744,43208
1279,CRYP,286,500,100553,30008744,43208
1280,CRYP,286,500,100553,30008744,43208
1281,CRYP,286,500,100553,30008744,43208
1282,CRYP,286,500,100553,30008744,43208
1283,CRYP,286,500,100553,30008744,43208
1284,CRYP,286,500,100553,30008744,43208
1285,CRYP,286,500,100553,30008744,43208
1286,CRYP,286,500,100553,30008744,43208
1287,CRYP,286,500,100553,30008744,43208
1288,CRYP,286,500,100553,30008744,43208
1289,CRYP,286,500,100553,30008744,43208
1290,CRYP,286,500,100553,30008744,43208
1291,CRYP,286,500,100553,30008744,43208
1292,CRYP,286,500,100553,30008744,43208
1293,CRYP,286,500,100553,30008744,43208
1294,CRYP,286,500,100553,30008744,43208
1295,CRYP,286,500,100553,30008744,43208
1296,CRYP,286,500,100553,30008744,43208
1297,CRYP,286,500,100553,30008744,43208
1298,CURE,3300,45,100157,10003592,9742
1299,NDQ,2664,3,100620,10015680,45566
1300,NDQ,2664,3,100620,10015680,45566
1301,NDQ,2664,3,100620,10015680,45566
1302,NDQ,2664,3,100620,10015680,45566
1303,SPY,55750,1,100001,10002020,6242
1304,RBTZ,970,1000,100000,10002020,6242
1305,FEMX,564,199,095947,30000735,751
1306,ESPO,875,90,100600,20008299,43562
1307,FANG,1154,453,100509,20006680,34224
1308,YMAX,779,489,100615,10015555,45291
1309,CRYP,286,500,100553,30008744,43208
1310,HYGG,286,1749,100523,30007158,34812
1311,AD8,591.5,233,100620,10015680,45566
1312,AD8,591.5,233,100620,10015680,45566
1313,AEE,19,896,095950,20000518,2322
1314,AEE,19,1,095950,20000518,2322
1315,BRU,16,1000,095950,20000518,2322
1316,BRU,16,4976,095950,20000518,2322
1317,BRU,16,3100,095950,20000518,2322
1318,BRU,16,4924,095950,20000518,2322
1319,BRU,16,13681,095950,20000518,2322
1320,BRU,16,1318,095950,20000518,2322
1321,BRU,16,1,095950,20000518,2322
1322,AEI,6.6,7200,095950,20000518,2322
1323,ANG,24,1800,095950,20000518,2322
1324,ANG,24,3200,095950,20000518,2322
1325,ARX,85,30000,100028,40001592,7585
1326,ARX,85,30000,100028,40001592,7585
1327,ARX,85,30000,100028,40001592,7585
1328,ARX,85,30000,100028,40001592,7585
1329,ARX,85,30000,100028,40001592,7585
1330,ARX,85,30000,100028,40001592,7585
1331,92E,55,3449,100543,40009839,36254
1332,92E,55,3449,100543,40009839,36254
1333,92E,55,3449,100543,40009839,36254
1334,92E,55,3449,100543,40009839,36254
1335,92E,55,3449,100543,40009839,36254
1336,ASB,198,8157,100017,30002227,7484
1337,ASB,198,8157,100017,30002227,7484
1338,ASB,198,8157,100017,30002227,7484
1339,ASB,198,8157,100017,30002227,7484
1340,ASB,198,8157,100017,30002227,7484
1341,ASB,198,8157,100017,30002227,7484
1342,ASB,198,8157,100017,30002227,7484
1343,ASB,198,8157,100017,30002227,7484
1344,ASB,198,8157,100017,30002227,7484
1345,ASB,198,8157,100017,30002227,7484
1346,ASB,198,8157,100017,30002227,7484
1347,ASB,198,8157,100017,30002227,7484
1348,ASB,198,8157,100017,30002227,7484
1349,ASB,198,8157,100017,30002227,7484
1350,ASB,198,8157,100017,30002227,7484
1351,ASB,198,8157,100017,30002227,7484
1352,ASB,198,8157,100017,30002227,7484
1353,ASB,198,8157,100017,30002227,7484
1354,ASB,198,8157,100017,30002227,7484
1355,ASB,198,8157,100017,30002227,7484
1356,ASB,198,8157,100017,30002227,7484
1357,ASB,198,8157,100017,30002227,7484
1358,ASB,198,8157,100017,30002227,7484
1359,ASB,198,8157,100017,30002227,7484
1360,ASB,198,8157,100017,30002227,7484
1361,ASB,198,8157,100017,30002227,7484
1362,ASB,198,8157,100017,30002227,7484
1363,ASB,198,8157,100017,30002227,7484
1364,BDX,10,21,095950,20000518,2322
1365,BNL,3.1,22499,100200,10003645,9837
1366,BNL,3.1,22499,100200,10003645,9837
1367,BNL,3.1,22499,100200,10003645,9837
1368,BNL,3.1,22499,100200,10003645,9837
1369,BNL,3.1,22499,100200,10003645,9837
1370,BNL,3.1,22499,100200,10003645,9837
1371,BNL,3.1,22499,100200,10003645,9837
1372,ASM,538,20,100645,10017137,48984
1373,BOE,213,122,100643,10017137,48984
1374,BOE,213,122,100643,10017137,48984
1375,BOE,213,122,100643,10017137,48984
1376,BOE,213,122,100643,10017137,48984
1377,BOE,213,122,100643,10017137,48984
1378,BOE,213,122,100643,10017137,48984
1379,BOE,213,122,100643,10017137,48984
1380,BOE,213,122,100643,10017137,48984
1381,BOE,213,122,100643,10017137,48984
1382,BOE,213,122,100643,10017137,48984
1383,BOE,213,122,100643,10017137,48984
1384,BOE,213,122,100643,10017137,48984
1385,BOE,213,122,100643,10017137,48984
1386,BOE,213,122,100643,10017137,48984
1387,BOE,213,122,100643,10017137,48984
1388,BOE,213,122,100643,10017137,48984
1389,BOE,213,122,100643,10017137,48984
1390,BOE,213,122,100643,10017137,48984
1391,BOE,213,122,100643,10017137,48984
1392,BOE,213,122,100643,10017137,48984
1393,BOE,213,122,100643,10017137,48984
1394,BOE,213,122,100643,10017137,48984
1395,BOE,213,122,100643,10017137,48984
1396,BOE,213,122,100643,10017137,48984
1397,BOE,213,122,100643,10017137,48984
1398,BOE,213,122,100643,10017137,48984
1399,BOE,213,122,100643,10017137,48984
1400,BOE,213,122,100643,10017137,48984
1401,ATA,73,4,095951,10002020,6242
1402,ATA,73,4,095951,10002020,6242
1403,88E,1.3,50000,095950,20000518,2322
1404,88E,1.3,3238,095950,20000518,2322
1405,88E,1.3,298941,095950,20000518,2322
1406,88E,1.3,62993,095950,20000518,2322
1407,88E,1.3,184000,095950,20000518,2322
1408,88E,1.3,20643,095950,20000518,2322
1409,88E,1.3,42287,095950,20000518,2322
1410,88E,1.3,116438,095950,20000518,2322
1411,88E,1.3,43698,095950,20000518,2322
1412,88E,1.3,6302,095950,20000518,2322
1413,88E,1.3,5880,095950,20000518,2322
1414,88E,1.3,69488,095950,20000518,2322
1415,88E,1.3,19391,095950,20000518,2322
1416,88E,1.3,11121,095950,20000518,2322
1417,88E,1.3,49488,095950,20000518,2322
1418,88E,1.3,200000,095950,20000518,2322
1419,88E,1,0,,20000518,2322
1420,88E,1.3,8,095950,20000518,2322
1421,AGH,11.7,2190,100358,20003527,20869
1422,AGH,11.7,2190,100358,20003527,20869
1423,AHQ,58,2500,100552,30008161,41091
1424,AHQ,58,2500,100552,30008161,41091
1425,AHQ,58,2500,100552,30008161,41091
1426,AHQ,58,2500,100552,30008161,41091
1427,AHQ,58,2500,100552,30008161,41091
1428,BRK,1.8,14720,100134,40001852,9067
1429,BRK,1.8,14720,100134,40001852,9067
1430,BRK,1.8,14720,100134,40001852,9067
1431,BRK,1.8,14720,100134,40001852,9067
1432,AIA,668,3,100336,10006431,19570
1433,AIA,668,3,100336,10006431,19570
1434,AIA,668,3,100336,10006431,19570
1435,AIA,668,3,100336,10006431,19570
1436,AIA,668,3,100336,10006431,19570
1437,AIA,668,3,100336,10006431,19570
1438,AIA,668,3,100336,10006431,19570
1439,AIA,668,3,100336,10006431,19570
1440,AIA,668,3,100336,10006431,19570
1441,AIA,668,3,100336,10006431,19570
1442,AIA,668,3,100336,10006431,19570
1443,AIA,668,3,100336,10006431,19570
1444,AIA,668,3,100336,10006431,19570
1445,AIA,668,3,100336,10006431,19570
1446,AIA,668,3,100336,10006431,19570
1447,AIA,668,3,100336,10006431,19570
1448,AIA,668,3,100336,10006431,19570
1449,AIA,668,3,100336,10006431,19570
1450,AIA,668,3,100336,10006431,19570
1451,AIA,668,3,100336,10006431,19570
1452,AIA,668,3,100336,10006431,19570
1453,AIA,668,3,100336,10006431,19570
1454,AIA,668,3,100336,10006431,19570
1455,AIA,668,3,100336,10006431,19570
1456,AIA,668,3,100336,10006431,19570
1457,AIA,668,3,100336,10006431,19570
1458,AIA,668,3,100336,10006431,19570
1459,AIA,668,3,100336,10006431,19570
1460,AIA,668,3,100336,10006431,19570
1461,AIA,668,3,100336,10006431,19570
1462,BDT,20.5,19999,095950,20000518,2322
1463,BDT,20.5,1,095950,20000518,2322
1464,AX8,3.8,70000,100000,10002020,6242
1465,AX8,3.8,70000,100000,10002020,6242
1466,AX8,3.8,70000,100000,10002020,6242
1467,AIZ,59.5,15000,100642,10016993,48741
1468,AIZ,59.5,15000,100642,10016993,48741
1469,AIZ,59.5,15000,100642,10016993,48741
1470,AIZ,59.5,15000,100642,10016993,48741
1471,AIZ,59.5,15000,100642,10016993,48741
1472,AIZ,59.5,15000,100642,10016993,48741
1473,AIZ,59.5,15000,100642,10016993,48741
1474,AIZ,59.5,15000,100642,10016993,48741
1475,AIZ,59.5,15000,100642,10016993,48741
1476,AIZ,59.5,15000,100642,10016993,48741
1477,AIZ,59.5,15000,100642,10016993,48741
1478,AIZ,59.5,15000,100642,10016993,48741
1479,AIZ,59.5,15000,100642,10016993,48741
1480,AIZ,59.5,15000,100642,10016993,48741
1481,AIZ,59.5,15000,100642,10016993,48741
1482,AIZ,59.5,15000,100642,10016993,48741
1483,AIZ,59.5,15000,100642,10016993,48741
1484,AIZ,59.5,15000,100642,10016993,48741
1485,AIZ,59.5,15000,100642,10016993,48741
1486,AIZ,59.5,15000,100642,10016993,48741
1487,AIZ,59.5,15000,100642,10016993,48741
1488,AIZ,59.5,15000,100642,10016993,48741
1489,AIZ,59.5,15000,100642,10016993,48741
1490,AIZ,59.5,15000,100642,10016993,48741
